"scenario","Year","ACCESS.ESM1.5","AWI.CM.1.1.MR","BCC.CSM2.MR","CanESM5","CNRM.CM6.1","CNRM.ESM2.1","EC.Earth3","GFDL.ESM4","GISS.E2.1.G","HadGEM3.GC31.LL","INM.CM5.0","IPSL.CM6A.LR","MIROC.ES2L","MIROC6","MPI.ESM1.2.HR","MPI.ESM1.2.LR","MRI.ESM2.0","NESM3","UKESM1.0.LL","ensemble"
"historical",1850,6.6,-3,0.3,5,5.1,5.2,NA,5.4,7.5,5.1,5.7,6.9,7.5,8.5,5,3.2,4.7,8.5,5.4,8.5
"historical",1851,6.4,-1.3,2.4,3.4,4.4,5.2,7.2,3.5,5.9,5.9,4.9,7.2,5.1,8,5.1,3.2,4.8,7.6,4.5,8
"historical",1852,6,-3.7,0.7,5.1,4.9,6.6,5.9,2.3,4.1,5.7,5.6,5.4,7.2,7,4.9,2.6,5.8,8.6,6.6,8.6
"historical",1853,6.6,-1.4,0.8,4.3,5.3,6.7,5.3,5,4.9,6,5.1,7.3,7,7.6,5,3.5,5.5,8.2,5.6,8.2
"historical",1854,6.7,-1,-1,5.9,4.5,7.3,7.2,1.8,5.7,5.9,5,5.1,6.2,7.6,7.3,4,4.4,7.8,5.9,7.8
"historical",1855,7,-1.7,1.4,5.1,5.5,5.1,7.6,3.2,3.2,5.3,4.5,5.9,6.2,7.4,4.5,2.7,5,6,5.4,7.6
"historical",1856,7,-4.3,2.8,4.1,5.6,5.7,5.2,2.9,5.7,5.7,5.3,5.3,6.8,7.6,6.1,3.3,5.1,7.3,6.2,7.6
"historical",1857,7.4,-3,1.5,4,4.6,5.6,6.4,3.1,5.4,5.3,5.9,5.9,6.2,7.6,4.9,3.7,6.7,6.7,4.9,7.6
"historical",1858,6.8,-3.2,2.3,4.4,4.3,5.8,5,1.1,5.1,5.3,4.9,7.6,6,7.3,5.3,2.8,5.2,7.3,5.6,7.6
"historical",1859,6.6,-3,0.8,5,4.9,5.2,5.7,2,4.7,6.7,4.7,6.6,7.2,7.6,5.3,3.3,5.4,9.6,5.4,9.6
"historical",1860,8.8,-3.7,1.2,4.9,5.2,6,4.3,1.9,6.5,7.1,4.3,6,6.7,7.9,4.6,4.6,7.9,7.4,5.4,8.8
"historical",1861,6.2,-2.6,3,6.8,5.2,6,4.6,3.5,5.1,6.5,5.5,7.2,7.1,8.3,5.5,4,4.8,7,6.7,8.3
"historical",1862,6,0,1.7,5.6,5.5,6.2,5.6,1.3,4.5,6,5.8,6.2,7.1,7.4,6.3,2.9,4.4,5.8,7,7.4
"historical",1863,6.6,-3.1,0.7,4.8,5.2,5.6,4.5,2.9,4.6,4.6,5,6,7.3,7.8,6.5,2.4,5.1,8.5,3.8,8.5
"historical",1864,6.8,-0.9,1.1,3.9,5.1,5.9,4.1,2.4,4.5,5.4,4.8,5.1,7,6.9,4.3,4,5.1,7.1,5,7.1
"historical",1865,5.4,-3.5,3.6,4.2,6.3,5.4,5,-0.3,4.3,7,4.6,4.7,6.6,8.1,5.8,2.7,4.3,7.1,7.6,8.1
"historical",1866,6.3,-1.5,0.5,4.2,5.1,4.4,3.4,2,3.9,6.9,5,8.1,6.7,7.1,5.2,3.1,5.6,9.6,5.1,9.6
"historical",1867,6.5,-0.2,2.3,3.5,5.3,5.7,3.7,3.9,5.6,7.1,4.9,7.4,5.3,8.1,4.5,5.5,2.6,6.6,5.2,8.1
"historical",1868,6.5,-3.3,1.3,4.8,4.1,4.6,4.8,3.4,4.3,6.4,6,5.9,5.7,7.5,4.2,1.6,6.7,8,6.9,8
"historical",1869,5.6,-2,-0.1,7.1,6.1,5.5,6,2.7,4.6,6.2,4.8,5.7,7,8.2,5.5,3.7,6.5,6.7,6,8.2
"historical",1870,8.6,-2.3,2,5.8,5.2,5.7,4.3,6,6,5.7,5.3,7.3,7.2,7.5,3.6,3.3,4.5,7,5.8,8.6
"historical",1871,7.3,-4.9,-0.1,6.6,4.9,6.6,6.5,3.6,5,5,6.4,8,8.2,7,4.2,3.7,5.1,7.1,5.1,8.2
"historical",1872,6.9,-5.7,0.5,5,5,6.9,3.6,2.4,8.2,7.7,4.4,5.7,8.3,7,4.5,3.1,5.7,7.1,5.7,8.3
"historical",1873,7.7,-0.7,-0.3,4.8,5.2,5,5.3,4.1,4.3,4,4.1,7.5,7,7.2,4.4,4.1,4.8,6.4,5.3,7.7
"historical",1874,6.7,-2.9,0.1,4.1,6.3,5.8,6,2.4,2.5,5.2,7,5.8,8.1,7.8,3.6,3.3,4.2,8.5,6,8.5
"historical",1875,6.9,1.2,1.8,6.6,4.1,5.9,5.9,2,4.6,6.1,5,8,7.4,8,4.4,3.6,5.4,7.3,5.4,8
"historical",1876,5.8,-1.7,2.1,4.3,4.3,6.2,3.6,3.7,4.6,6.8,6,5.2,8,8.1,3.6,3.5,4.2,6.9,7.5,8.1
"historical",1877,6.1,-2.4,1.2,5.7,5,4.4,4.7,5.8,6.8,6,5.2,6,7,7.5,6.8,3.5,5.1,6.1,5.1,7.5
"historical",1878,7.3,0.1,-0.1,4.9,4.9,5.6,6.4,2.5,3.6,6.9,6.7,7.5,5.9,7.9,4.6,3.7,4.2,10.5,5.3,10.5
"historical",1879,6.1,-1,0.1,4.1,4.7,5,6.6,2.1,5.6,5.3,4.1,5.5,7,7.6,4.5,3.2,6.2,6.6,6.6,7.6
"historical",1880,6.5,-0.1,-0.3,4.5,4.5,5.5,6.8,3.2,6.9,6.6,5,6.4,6,8.5,4.1,2.9,3.4,5.5,6.2,8.5
"historical",1881,7.6,-2.2,1.8,4.6,5.1,6.1,6.1,5.2,4.9,5.4,5.1,6.2,7.4,8.2,4.7,2.9,4.7,8.2,6.1,8.2
"historical",1882,8.3,-0.5,2.2,4.8,4.4,5.7,6.8,2.5,5,5.3,5.2,5.4,6.3,6.8,4,3.2,5.6,7,3.3,8.3
"historical",1883,5.5,-0.3,1,5.7,4.7,5.7,6.3,3.4,8.2,5.3,6,5.2,5.4,9.2,4.8,2.9,5.8,5.8,4.9,9.2
"historical",1884,4.5,-3.2,-0.4,3.2,4.8,5.4,2.8,3.5,3.3,5.2,4.1,6.3,7.1,8.1,3.9,3.7,4.5,5.8,5.8,8.1
"historical",1885,5.4,-3.8,0.9,3.2,4.1,5.7,3.8,0.8,4.6,5.9,5.8,5.6,5.4,7.9,2.5,3.3,5.5,5.2,5.2,7.9
"historical",1886,6.5,-0.6,0.7,4.8,5.8,5.7,3.6,3,2.4,4.5,5.2,7.1,6.1,7.8,4.9,2.6,5.6,6.4,4.9,7.8
"historical",1887,7,-3,1.4,4,5.7,5.1,5.3,1.3,4.5,4.7,4.2,6.7,7.7,7.7,4,2.8,5.4,5.4,4.9,7.7
"historical",1888,6.6,-1.9,1.3,4.6,5,5.8,6.7,2.7,5.9,4.4,5.2,5.1,7.7,7.9,5.6,2.8,5,7.5,4.9,7.9
"historical",1889,6.8,-3.8,0.4,5,4.7,5.1,5.5,3.9,4.6,5,4.7,6.6,7.1,7.9,5.1,3.3,4.6,7.7,7.3,7.9
"historical",1890,5.9,-1.8,1,3.8,4.3,5,4.1,2.4,5.8,7.6,5.3,6.5,6.6,7.4,4.4,4.1,3.9,7.2,6.1,7.6
"historical",1891,6.8,-1.5,0.6,5,5.3,5.9,5.2,2.8,4.5,5.2,4.3,5.6,8,6.9,3.7,3.1,6,7.2,4.8,8
"historical",1892,5.6,0,1.1,4,5.2,6.3,6.4,4,4.3,7.3,4.1,6.5,6.4,7.1,4.9,3.4,8.1,7,5.5,8.1
"historical",1893,6.4,-3.3,1.7,4.4,4.4,6.5,2.2,2.9,8.1,5.8,4.9,4.5,5.5,6.9,5.2,2.8,6.5,7,5.1,8.1
"historical",1894,6.8,-4.6,0.9,5,5.8,6.4,5.5,4.3,3.8,5,4.4,5,7.2,6.7,5.5,3.1,5.2,7.4,6,7.4
"historical",1895,5.8,-4.4,2.1,4.2,4.8,4.8,5.6,2,4.7,5.2,4.9,4.8,7.1,8,4.6,5.7,4.9,9.3,7.4,9.3
"historical",1896,6.5,-5.1,1.6,4.5,4.5,6.7,4.6,2.8,6,5.5,4.9,6.6,7.5,7.1,6.4,3.7,5.5,5.6,5,7.5
"historical",1897,6,-1.8,0.5,3.9,5.7,6.7,4.5,4.7,5.1,5.6,4.2,7.1,6.8,8.1,4.8,3.9,5.2,6.7,5.8,8.1
"historical",1898,7,-1.6,2,5.1,4.8,5.8,4.4,4,4.6,6.1,5.2,6.9,6.5,7.7,6.7,3.7,5.6,8.8,6.1,8.8
"historical",1899,7.8,-1.1,0.9,3.9,4.4,7.5,4.2,3.9,3.4,5.6,4.2,5.1,8.4,8,6.8,4,4.9,8.4,4.8,8.4
"historical",1900,7.9,-4.2,-0.1,3.8,4.2,6,5.1,1.5,4.7,5.6,6.5,6,6.2,7.3,5.3,3.3,3.9,7.8,6.3,7.9
"historical",1901,5.4,-0.6,1.6,3.8,3.5,6,5.8,2.7,6.2,7.3,5.4,6.9,6.9,7.6,4.7,2.8,5.7,8.1,4.3,8.1
"historical",1902,7.3,-2.3,-0.7,3.3,5.4,5.7,4.7,3,6.5,7.4,5.6,7.2,6.6,7.1,5.7,4.7,5.3,7.5,5.4,7.5
"historical",1903,5.4,-3.6,-1.2,3.7,4.4,5.5,5.5,1.9,7.8,6.9,5.6,5,5.3,7.3,5,3.1,6.7,7,5.6,7.8
"historical",1904,5.3,-2.6,1.1,4.1,2.7,4.6,5.5,3.6,7.1,3.8,5.6,6.8,6.7,7.7,5.8,3.6,3.8,6.4,5.3,7.7
"historical",1905,7.4,-0.4,1.5,4.7,4.8,5,3.9,1.9,3.7,5.2,5.3,8,5.8,8.2,5,4.1,4,6.3,5.6,8.2
"historical",1906,7.3,-0.4,0.4,5,4.5,6,4.4,4.6,6.1,5.4,5.2,6.1,6.5,7.7,4.2,2.2,4.8,7,7,7.7
"historical",1907,6.3,-0.2,0.6,4.7,3.9,5.2,8.4,4,2.5,5.4,4.9,5.6,6.8,6.6,5.9,3.4,3.3,6.9,6.2,8.4
"historical",1908,6.6,-0.5,2.6,6.1,4.1,5.5,5.6,2.9,4.2,4.6,5,7.6,6.1,8.9,5.2,3.2,5.6,6.9,5.8,8.9
"historical",1909,5.9,-2.7,0.6,5,6.2,5.5,5.8,5.2,7.5,5.3,5.4,5.9,6.6,8.1,5.2,2.4,4.7,7.4,5.5,8.1
"historical",1910,6.1,-2.9,0.8,3.3,5.4,6.5,4.9,4.4,4.9,5.3,6,5.6,6.4,7,5.2,3.1,4.8,6.1,7.3,7.3
"historical",1911,7.7,0.6,1.7,4.6,4.7,6,4.6,3.4,4.6,5,5.3,6.2,6.3,7.8,4.3,3.4,4.3,7.8,4.6,7.8
"historical",1912,7.3,-1.7,-0.7,3.4,5.6,5.8,4.5,3.3,5,5.7,4.2,5.5,6.3,7,4.7,2.8,4.1,6.9,5.4,7.3
"historical",1913,5.8,-1.9,1.6,6.2,5.4,5.3,4.7,3.6,8,5.8,4.5,6.4,7.1,8.2,5.3,3.2,5,8.1,6,8.2
"historical",1914,6.2,-2.1,2.5,3.8,4.7,6.4,4.9,3.6,6.3,5.3,5.1,6,6.9,8.9,5.3,3.1,3.9,7.2,5,8.9
"historical",1915,7,-0.6,1.3,3.1,5.7,5.7,6.2,3,2.9,4.8,4.2,5.5,7.9,7.4,6,4,5.9,6.7,5.7,7.9
"historical",1916,7,-2.7,3.7,4,5.3,6.2,6.8,2.5,4.4,5.1,5,5.5,6.8,8.9,4.8,3.5,6,6.5,6.7,8.9
"historical",1917,6.6,-2.4,1.1,4.7,4.9,5.8,6.5,4.8,5.1,8.1,5.1,7.2,7.4,7.4,5.3,4,5.2,10.2,4.8,10.2
"historical",1918,6.3,-5.7,2.5,3.3,4.2,5.7,6.1,4.1,5.5,6.1,5.6,6.8,6.3,7.4,3.9,4.6,3.6,8.2,5.4,8.2
"historical",1919,5.1,-0.4,0.5,4.5,5.3,5.7,6.7,5.5,3.8,5.9,5.3,6.8,6.7,7.4,4.6,4.7,5.6,8.2,5.1,8.2
"historical",1920,5.4,-1.4,-0.5,5.4,4.8,6,4.4,2.7,5.3,5.6,4.9,7.2,8.5,6.5,6.3,3.3,5,7.4,5.3,8.5
"historical",1921,7.3,-3.6,4.4,3.9,4.4,6.1,5.9,2.6,4.8,7.2,5,6.5,7.4,7.3,5.8,3.7,4.2,7.6,6.2,7.6
"historical",1922,5.7,-2.4,0.6,4.7,6.3,5.3,5.5,3,3.4,7.2,5.6,5.6,6.8,8.8,5.6,3.9,4.8,10.4,5.7,10.4
"historical",1923,7,-0.7,1.1,3.9,3.8,4.8,6.1,4,5,4.4,4.3,6.7,6.6,8.5,6.3,3.2,5.3,9.3,5.5,9.3
"historical",1924,7,-1.9,3.2,3.6,5,5.4,4.1,2.7,4.3,6.4,4.4,6.3,8.4,8.5,4.6,4.5,4.2,7.5,6.1,8.5
"historical",1925,6.6,0.2,-0.6,4.3,5.1,6.2,5.5,2.8,3,6,5.9,5.3,5.8,8,5,4.8,5.6,9,5.7,9
"historical",1926,7,-1.5,-0.5,5.6,5.3,5.7,3.7,3.8,6.5,5.8,6,6.3,7,8.5,5.9,4.5,4.2,6.1,5.8,8.5
"historical",1927,5.8,-0.4,2.6,3.3,4.5,5.3,5.1,2.8,7.9,5.9,5.4,7.3,7.2,7.9,6,3.8,6.3,7.5,6.1,7.9
"historical",1928,7.7,-3.2,0.5,3.8,4.5,5.9,5.4,4.3,4.5,6.8,4.7,6.9,6.7,8.6,4.8,3.4,5.2,6.9,5.2,8.6
"historical",1929,7.9,-2.6,0.3,5.4,6,7.1,5.5,3.5,5.4,4.5,6,6.8,7.7,7.9,4.7,3.4,4,7.5,6.3,7.9
"historical",1930,6,-2.9,1.5,5,4.5,6.4,7,4.4,4.9,7.2,4.8,5.8,5.9,7.9,6.4,4,5.4,5.7,6.9,7.9
"historical",1931,5.9,-1.8,3.6,4.5,4.6,5.7,4.3,1.9,3,7.3,5.7,7.3,7,7.7,5,3.6,4.9,7.5,4.8,7.7
"historical",1932,6,-1.7,2.2,5.1,5.1,3.7,4.5,1.5,3.6,7.5,5.5,6.4,6.7,7.3,5.5,3.3,4.3,7.1,5.1,7.5
"historical",1933,6.6,-1.7,0.9,4.8,3.8,5.7,5.4,3.6,7.1,7.2,5.6,5.9,6.7,7.9,4.8,4.1,5.4,6.4,5.3,7.9
"historical",1934,7.8,-1.3,4.1,5,4,6.9,5,3,4.6,7.8,5.1,5.9,7.2,8.4,5.1,4.8,3.7,7.4,4.7,8.4
"historical",1935,7.6,-1.6,-0.3,3.5,5,5.9,3.9,2.8,4.3,7.1,5.8,6.3,7.8,7.1,6.6,4.1,5.5,8,5.9,8
"historical",1936,5.8,-3.8,3.3,5,5.5,6.5,5.9,3.3,5.4,4.3,4.9,7.3,7.5,7.8,4.4,3,5.2,6.4,5.9,7.8
"historical",1937,7.4,-0.1,2.5,4.3,4.8,6.3,3.3,3.8,4.7,3.8,4.9,7.6,7.7,9,5.9,3.8,5.4,8.4,5.4,9
"historical",1938,6.1,0.4,0.6,5.5,5.5,6.4,7.3,5.3,3.7,6.5,5.4,6.2,4.8,8.4,4.4,3.8,4.2,6.6,6.9,8.4
"historical",1939,6.5,-0.5,0.2,4.7,4.9,5.3,7,2.2,3.4,6.4,4.1,6.7,8.3,8,5.3,4.8,4.7,6.8,6.9,8.3
"historical",1940,7.5,-1.7,0.3,5.3,5.1,5.2,9,4,7.6,7.3,5.2,7.1,6.9,8,5.4,3.3,3.7,6.5,5.2,9
"historical",1941,7.6,-6.3,1.7,5.3,5.4,5.5,5.8,4.6,5.9,6.6,5,6.7,7.3,9.5,4.5,4.1,4.6,5.6,6,9.5
"historical",1942,8.6,-1.8,2.8,4,4.9,5.3,5.2,3.6,3.9,7,4.9,8.2,7.7,9,7,5,4.4,6.8,5.4,9
"historical",1943,6,-1.6,1.3,4.5,5,6.1,7.3,3.6,3.7,4.2,5.3,6.2,7.6,7.9,5.8,4.2,5.3,7.9,6.7,7.9
"historical",1944,6.6,0.2,1.4,5,5.9,6,6.5,4.4,4.5,6.2,5.3,6.7,7.2,6.7,5.6,3.6,5.9,6.6,5.7,7.2
"historical",1945,8.2,-3,2.1,5,4.9,5.8,4.3,3.4,6.3,5.2,5.7,7.4,8.2,8,5,5.5,5.2,5.8,5.3,8.2
"historical",1946,5.6,-3.1,1.1,4,4.7,5,7.2,3.9,5.9,5.3,5.1,6.2,7.3,7.4,7.3,4.9,5.8,6.8,6.2,7.4
"historical",1947,5.4,-1.6,0.3,3.6,5.1,5.7,4.7,2.6,4.3,5.1,5.8,7.1,6.2,7.6,5.8,5.2,7.9,8.6,5,8.6
"historical",1948,6.9,-2.8,2,3.6,4.6,5.3,5.1,2.1,6.1,7.5,5,6.2,7.3,7.6,5.5,4.5,5.5,6.9,6,7.6
"historical",1949,8.2,-0.1,2.9,5,5.7,5,5.3,2.7,3.3,4.8,5.4,6.5,7.4,8.3,4.1,4.4,4.4,8,5.8,8.3
"historical",1950,5.8,-1.8,-0.2,4.7,4.9,7.4,3.7,3.9,6.2,6.3,5.5,7.7,7.7,7.3,5.8,3.2,5.7,8.9,5.5,8.9
"historical",1951,8.5,-3.7,0.2,4.3,5.6,5.3,5.9,4.5,2.9,5.7,6,7.4,5.2,7.9,5.1,4.2,4.2,7.7,4.8,8.5
"historical",1952,6.8,-0.8,2.3,4.6,4.2,6.2,6.7,4,5.9,5.9,5.2,8.8,6.2,7.2,4.7,3.2,4,7.8,5.6,8.8
"historical",1953,8,-1.6,1.4,5.7,4,6.4,6.8,2.3,5.4,5.8,5.8,6.5,6.9,7.8,5,3.8,4.2,8.6,5.8,8.6
"historical",1954,6.8,-1.7,0.9,5.2,4.9,5.4,4.8,3.4,6.3,7.5,4.8,7.1,8.1,9,6.3,4.5,4.5,6.6,6,9
"historical",1955,6.6,-1.6,0.5,4.6,4.6,5.7,6.7,3.3,5.7,4.8,5.3,7.7,6.8,7.1,4.9,3.6,6.9,8.1,5.5,8.1
"historical",1956,6.6,-0.8,0.8,5.6,4.6,5.6,7.5,3.1,4.4,7.8,6.1,6.7,8,8.3,6.2,4.9,4.1,9.4,6.6,9.4
"historical",1957,5.7,-0.2,0.6,4.6,5.3,5.5,5.9,3.8,3.6,4.8,6.1,6.9,7.6,7.5,5.2,3.5,4.4,6.6,6.8,7.6
"historical",1958,6,-1.3,1.7,6.1,5,6.5,5.9,4.8,6,4.5,4.9,7,6.8,8.9,6.6,4.5,4.6,8.2,5.2,8.9
"historical",1959,6.5,-1.8,1.3,4.5,4.4,5.4,6.4,3.3,3.2,5.7,4.5,7.1,6.4,7.6,5.9,3.7,4.2,5.7,5.9,7.6
"historical",1960,6.6,-5.9,1,5,5,6.1,5.7,2.9,4.8,7.6,5.9,8.6,6.2,7.9,5.6,3.3,4.5,7.2,5.6,8.6
"historical",1961,4.2,-1.5,3.1,5.3,3.9,5.5,7.3,2,5.5,5.6,5.5,8,8,8,4.5,4.2,3.7,10,5.9,10
"historical",1962,5.6,-0.5,1.7,4.3,4.7,5.5,4,3.2,4.6,6.1,5.4,5.9,6.7,8.6,6.9,4.2,5.1,10.3,4.5,10.3
"historical",1963,6.6,-1.2,-0.2,7.6,4.1,7.9,4.2,2.7,3.5,6.6,4.3,6.9,6.5,8.4,3.8,3.8,6.4,8.8,5.1,8.8
"historical",1964,6.5,-0.5,1.3,6.6,4.2,6.6,5,3.1,4.3,4.2,4.7,6.6,5.7,7.5,4.6,5.3,4.8,6.8,4.9,7.5
"historical",1965,5.6,-0.7,0.7,4.3,4.4,6.3,6,3,6.8,6.3,5.7,6.4,6.1,8.9,6.6,4.6,4.8,5.5,3.9,8.9
"historical",1966,7.4,0.1,1.3,4.7,5.5,6.6,6.1,1.9,3.8,4.4,5.1,7.9,6.3,8,4,3.5,4,6.5,4,8
"historical",1967,5,-1.2,1.1,4.8,4.5,5.7,6.8,3,3.9,6.3,3.8,6.5,5.8,7.5,5,4.8,3.9,8,4.6,8
"historical",1968,7.7,-4.4,0.2,3.8,4.9,7.5,5.2,4.4,5.5,4.8,5.5,7.2,7.8,8.6,5,3.9,4.8,7.4,5.5,8.6
"historical",1969,6.2,-1.4,2.6,5.2,4.4,5.6,5.4,1.1,5.8,3.1,6,7,6.7,7.2,5.3,3.1,4.7,7.9,4.9,7.9
"historical",1970,6.3,0.2,1.8,3.9,4.4,5.1,6.8,2.9,4.7,5.7,5.7,7,7.2,7.7,6.8,4.1,3.4,7.6,6.8,7.7
"historical",1971,5.4,-1.5,-1.3,3.2,6.3,6.8,3.5,4.4,4,5.7,5.1,7,7.2,8.1,4.9,3.9,3.9,8.5,5,8.5
"historical",1972,5.3,-0.6,1.5,4.2,4.4,5.4,6,4.8,2.4,5.8,4.5,7.3,6.4,7.4,6.4,3.3,5.8,6.2,5.1,7.4
"historical",1973,6,-0.9,1.1,4.1,5,6.9,5.2,1.8,4.1,5.6,5.2,7.1,6.3,8.2,5.9,3.6,4.6,8.1,6.1,8.2
"historical",1974,5.8,-3.8,2.3,4.7,5.5,5.3,4.8,3.6,7.2,5.1,5,7.5,6.7,7.4,6.2,3.5,4.5,7.7,5.7,7.7
"historical",1975,5.9,-0.7,3.2,4.8,5.2,5.3,4.5,3,3,5.7,4.9,7.1,7.6,7.4,5.1,4.6,4.3,8.7,4,8.7
"historical",1976,6.1,-4.2,2.7,4.5,4.5,5.6,6.3,4.6,5.7,3.3,5.5,7,7.1,8.3,6.5,3.7,5.2,6.2,5.3,8.3
"historical",1977,5.3,-3.2,1.1,5.5,5,6.1,5.2,3.9,3.7,4.6,6,8,7.1,7.8,5.3,4.3,4.9,6.2,5.3,8
"historical",1978,6.7,-3.7,0.8,6.2,4.4,5.5,6.8,3.1,3,3.4,6.4,7.8,5.6,8.2,4.9,5.4,3.7,8.6,6,8.6
"historical",1979,6.6,-0.7,0.5,2.9,4.5,6.6,8.2,2.2,5.4,6.7,4.9,7.1,6.7,7.1,5.9,4,6.9,6,4.7,8.2
"historical",1980,6.8,-3,0.7,4.6,3.9,6.7,4.6,1.5,3.9,6.3,5.7,7.8,7.8,6.8,6.2,4.5,4.7,6.2,4.3,7.8
"historical",1981,7.9,-0.7,1.3,4.6,5.4,5.2,5.5,4.4,5.2,6,5.4,7.7,6.2,7.1,4.5,4,3.5,6.3,4.8,7.9
"historical",1982,7.1,-1,2.4,5.9,4.9,6.9,4.5,2.9,3.8,6.2,5.4,6.9,7.9,7.8,7.1,4.7,5.4,6.4,5.9,7.9
"historical",1983,6,0.6,-0.8,3.9,6.3,5,5.5,3.9,2.9,6.9,5.2,8.5,6,7.8,4.7,5.3,4.5,6.5,6,8.5
"historical",1984,6.7,-0.3,-0.2,4.7,4.3,5.8,5.9,1.6,7.2,5,5,6.7,6.6,7.9,5.2,4.3,5.8,8.4,5.9,8.4
"historical",1985,6.4,-1.3,1.7,4.3,5.1,6.4,6.3,2.9,5.6,6.4,5.2,6.8,5.8,8.9,5.7,3.8,4.6,7,5.5,8.9
"historical",1986,5.7,-0.9,1.2,4.5,4.5,5.5,6.4,1.7,3.6,5.9,5,7,7.5,7.8,5.7,4.7,5.7,6.5,5.2,7.8
"historical",1987,6.8,-1.5,0.6,5.2,4.3,5.2,7,4.2,3.1,7.2,5.3,8.2,6.1,7.7,5.5,4.7,5.6,8.5,6.6,8.5
"historical",1988,6.2,-1.1,0.3,4.4,5,5.6,6.2,3.4,6.3,5.9,5.3,6.2,7.8,8.8,5.6,4.3,3.5,5.6,4.5,8.8
"historical",1989,5.9,-0.7,3.6,6,5.1,5.6,5.7,3.3,5.3,6.1,4.6,8.5,7.2,8.4,4.3,3.1,5.4,7.3,5.9,8.5
"historical",1990,5.4,-1.1,2,5.2,5,5.4,6.1,2.5,6.6,4.9,5.6,7.7,6.9,8.4,6.3,4.2,4.7,7.4,3.9,8.4
"historical",1991,6,-1.4,0.8,4.4,5.4,5.4,4.9,3.3,7.4,5.8,5.7,8.2,7.2,7.2,7.1,4.2,6.9,7.8,6.2,8.2
"historical",1992,7.1,1.7,0.8,5.7,5,6.2,5.9,2.4,5.5,5.6,3.8,6.6,7.6,8,4.5,3.6,6.2,5.9,4.7,8
"historical",1993,6.3,-3,2.6,5.1,5.9,6.1,5.5,2.2,6.3,6.3,4.7,6.4,7,8.5,5.5,4,4.6,7,4.9,8.5
"historical",1994,6.5,0.2,2.1,6.8,4.5,5,9.2,2.1,4.5,5.8,5,9.1,6.5,7.3,5.7,4,5.1,6.9,5.5,9.2
"historical",1995,5.7,-1,2.4,5.6,5.8,6.2,4.8,4,3.4,8.3,5.4,7.1,7.8,8.7,6.9,3.4,4.1,8.4,5.6,8.7
"historical",1996,7.1,0.2,1.3,4.4,6,6.5,6.1,5.4,6,4.9,6.5,8.3,7.8,8.3,5,4.3,6.3,7.4,5,8.3
"historical",1997,5.6,0,0.6,4.1,4.6,5.6,6.4,3.3,5,4.8,5.4,7.1,7.9,7.9,7.9,4,5.1,7.3,6.6,7.9
"historical",1998,6.5,0.3,0.8,6.3,5.9,5.6,7.1,3.2,5.8,6.9,5.6,8.4,7.3,8.2,5.3,4.4,5.1,6.9,7.8,8.4
"historical",1999,6.7,-1.3,0.5,6.7,5.6,6.9,5.8,3.2,5.3,5.5,4.6,8.7,7,8.9,6.9,5,5.4,8.1,7.2,8.9
"historical",2000,7.3,1,1.6,5.3,5.2,5.4,6.5,5.2,3.6,6.1,6.7,7,6.8,10.3,6.2,4.5,5.3,7.3,6.4,10.3
"historical",2001,5.9,-3,2.1,6,3.6,5.4,5.5,5.1,4.4,8.1,6,7.8,7.9,8.9,6.4,5.1,4.4,6.6,7.2,8.9
"historical",2002,5.9,-0.5,1.5,6.5,5.8,5.6,4.8,2.8,5.2,5.9,5.3,8.8,7.3,9.3,6.9,3.1,3.9,7,7.1,9.3
"historical",2003,8.1,-1.1,1.7,5.8,6.5,6.8,5.8,2.5,4,6.9,5.5,8.3,7.6,8.7,5.7,4.1,6.5,7.3,6.4,8.7
"historical",2004,6.4,-2.6,1.7,6,5.6,5,8.6,2.2,4.2,6.7,5.5,8,7.2,7.6,5.9,4.8,6.8,9.3,6.4,9.3
"historical",2005,7.6,-1,3.2,5,5.8,6.3,5.3,5.3,5.9,6.4,4.9,9.8,7.1,8.7,5.7,4.1,5.7,10.4,4.6,10.4
"historical",2006,5.5,-0.4,0.7,4.9,5.2,6.1,7.8,4.8,2.6,8.1,6.3,8.7,8.2,8.3,6.1,3.6,6.2,7.7,6.9,8.7
"historical",2007,7.7,-1.5,1.7,4.9,5.9,6.5,6.9,4.8,3.4,8.2,5.9,8,8.2,8.1,6.1,4,6.3,8.5,6.5,8.5
"historical",2008,7.2,-0.1,2.6,5.7,5.3,6,5.4,2.5,3.4,7.4,5.9,8.3,6.8,9,5.9,4.2,5.6,7.8,7.5,9
"historical",2009,8.4,3,0.6,4.8,6.2,5.9,6.2,4.1,4.3,7.7,6.2,8.7,7,8.7,7.9,4.2,4.9,8.5,6.4,8.7
"historical",2010,9.7,-1.4,5.9,6.8,6.3,6,5.3,3.9,5,8.5,5.5,8.9,7.5,8.7,6,4.2,5.8,7.9,8.1,9.7
"historical",2011,8.3,-2.4,1.3,6.4,6.4,6,7.7,3.5,5.7,6,6.4,7.7,6.8,8.3,5,4.9,5.8,9.8,7.9,9.8
"historical",2012,8.2,1.9,1.3,6.7,5.3,6.7,6.3,3.5,6.8,5.8,6.8,8.2,7.4,7.8,6.2,4.8,5.7,8,7,8.2
"historical",2013,6.3,0.4,3.6,6.4,7.1,7,4.4,3.5,6.3,6.6,5.3,8.2,7.4,9.6,6,4.6,5.9,8.9,6.8,9.6
"historical",2014,7.9,1.3,3.7,5.7,5.1,6.8,7.2,2.4,5.1,8.4,5.4,9.5,6.5,8.6,5.8,5,6.9,10.9,6.8,10.9
"ssp126",2015,8.4,-3.2,2.6,6.3,5.7,7.3,7.6,2.1,5.1,7.4,4.3,8.5,8.4,8.7,4.1,4.9,2.9,6.5,6.6,8.7
"ssp126",2016,7.7,-1.1,1,6.7,4.8,6.1,7.2,2,5.5,6.2,5,7.5,6.5,9.1,5.9,5.2,4.3,10.7,7.1,10.7
"ssp126",2017,6.7,-3,0.8,5.9,7,6.8,6.6,1,4.3,3.6,6,9.2,5.6,8.9,4.4,4.9,7.3,9,7.7,9.2
"ssp126",2018,8.9,-1.3,1.8,6.6,5.5,6.2,7.7,3.2,5.9,6.6,4.1,8,7.2,8.7,7.1,4.9,4,9.2,7.9,9.2
"ssp126",2019,7.8,-1.3,-0.4,7.4,5,7.7,6.7,3.3,5.3,6.3,3.8,9.1,7.1,9.4,5.4,4.6,5.8,7.7,6.3,9.4
"ssp126",2020,8.7,-7.7,-1.9,7.4,5.4,5.9,7.9,0.4,3.4,8.1,5.9,8.3,7.2,9.2,5.8,5.4,5.2,9,7.2,9.2
"ssp126",2021,8.8,2.8,3.8,8.7,5.5,5.9,7.9,2,5.6,4.8,5.2,8.3,6.3,8.5,5.2,5.5,5.5,7.7,7.4,8.8
"ssp126",2022,8.2,-0.7,1.5,6.8,5.7,7.5,5.9,4.5,5.1,5.8,4.2,9.8,6.6,9.1,4.4,4.6,0.7,9,8.3,9.8
"ssp126",2023,8.1,-0.8,2.9,6.5,5.7,6.4,8.1,1.7,5.1,8.2,6.4,8.5,7.1,8.7,6,4.3,6.2,7.9,7.1,8.7
"ssp126",2024,7.7,1.6,1.3,7,6,5.3,6.7,1.9,5,8.8,5,8,9.2,9.2,5.1,5.6,4.8,6.9,6.2,9.2
"ssp126",2025,9.5,-0.1,0.1,7.3,6.9,6.2,8.3,5.3,5.1,7.1,4.2,8.3,7.3,9.2,4.9,5.6,5,7.2,7.6,9.5
"ssp126",2026,8.8,0.6,0.7,6.2,7.1,5.1,8.4,4.1,5.7,9.6,4.1,10,5.8,8.4,6.7,4.4,5.6,7.2,6.2,10
"ssp126",2027,9.3,0,-0.1,6.7,7.1,7.4,8.5,2.6,9.3,8.3,3.7,9.3,6.5,9.9,5.3,6.8,3.8,11.1,7.4,11.1
"ssp126",2028,8,-4,1,7.1,5.2,7.3,6.8,3.8,6.5,8.9,5.3,9,7.7,9.6,7.7,6,4.6,8.6,8,9.6
"ssp126",2029,7.9,-0.8,2.8,7.5,5.3,5.8,6.1,3.9,5.9,6.3,5.1,9.8,8.5,9,6.2,5.8,4.7,9.2,8.4,9.8
"ssp126",2030,9.4,-4.1,4.1,6.6,6.1,7.5,6.8,6.7,4.6,6.8,5.3,6.7,7,9.8,5.6,6.5,3.4,8.5,9.2,9.8
"ssp126",2031,7.1,-4.2,-1.1,8.5,6.5,6.7,8.5,4.3,6.3,5.3,5.9,9.1,7,9.9,5.1,4.7,7.2,8.1,6.3,9.9
"ssp126",2032,8.2,-0.7,2.8,7.7,7,6.2,9.2,5,4.9,6.3,4.2,9.8,8.1,9.4,4.7,5.6,7,8.6,8.5,9.8
"ssp126",2033,8.5,0.9,0.1,7.7,5.5,7.2,6.7,3.3,6.2,7.9,5.2,9.7,9.9,9.6,5.4,4.5,6.1,7.9,8.5,9.9
"ssp126",2034,7.5,-0.2,0.6,9.2,5.8,7.3,7.4,5.4,5.8,6.3,3.8,9.9,7.3,8.1,4.6,5.4,7.9,7.1,8.7,9.9
"ssp126",2035,9.4,-2,3.7,7.7,6.3,6.9,7.6,5.3,6.6,6.9,6.3,10.3,8.3,9.4,5.4,5.3,4.4,8.7,8.1,10.3
"ssp126",2036,9.4,1.3,2.5,8.3,6.9,6.8,7.3,4.1,3.9,6.4,5.2,9.8,4.8,10.7,6.3,5,5.9,7.8,7.6,10.7
"ssp126",2037,8.4,-4.8,2.4,8.6,6.2,6.7,7.4,4.6,6.6,9.4,5.7,9.1,7.9,9,5.6,6.9,5.6,7.9,7.8,9.4
"ssp126",2038,9.3,0,2.5,8.4,6.8,7.2,9,2.7,8.2,5.4,2,10,8.1,9.5,7.8,6,3.4,7.8,8.7,10
"ssp126",2039,9.1,-0.1,1.7,7.9,6.8,7.5,8.6,5.3,5.4,5.6,4.9,10.6,7.8,9.2,7.3,4.6,4.6,7.6,9,10.6
"ssp126",2040,8.1,-1.7,1.5,7.4,5.4,6.6,7.1,3.6,5.9,5.1,7.4,7.8,7.6,10.5,7.2,5.8,6.5,9.2,9.4,10.5
"ssp126",2041,10.3,-2,2.1,7,7.3,7.1,7.6,3.9,12.3,5.5,5.9,10.2,6.3,10,6.8,5.3,5.3,7.1,8.7,12.3
"ssp126",2042,9.2,-4.3,1.2,6.9,6.1,7.1,7.9,3.7,7.9,8.5,5,10.6,8.6,10,4.3,4.7,6.4,9.1,9.4,10.6
"ssp126",2043,9.9,-0.9,6.4,8,6.9,6.5,9.4,3.6,5.6,7.6,7.2,9.3,9,10.4,5.7,6.3,3.4,7.5,9.5,10.4
"ssp126",2044,8.9,2.5,2.2,7.5,5.3,7.1,7.8,4.3,8.2,7.7,5.8,9.7,7,10.4,5,5.2,6.8,8.5,8.6,10.4
"ssp126",2045,9.5,-0.8,2.6,9.1,6.3,8.4,6,2,7,4.1,4,10.4,6.4,10,6.5,4.7,6.5,8.1,8.7,10.4
"ssp126",2046,9.2,-3.1,1.8,7.6,6.5,6.6,6.5,2.5,5.6,9.7,4.4,9.9,6.7,9.8,5.8,5.2,6.5,10.4,7.9,10.4
"ssp126",2047,9.6,-2.6,2,8.7,7.6,6.8,7.6,2.6,8.4,6.7,2.5,9.7,7.7,10.6,5.4,6.2,5.5,8.3,9,10.6
"ssp126",2048,9,0,1.1,7.7,8.8,8.5,7.5,3.9,7.6,9.2,5.6,9.6,7.1,10.6,6.1,4.9,4.1,10.2,9.5,10.6
"ssp126",2049,10.2,-1.4,2.2,8.2,6.9,7.5,7.2,1.8,5.9,8.5,6,8.8,6.4,9.3,6.3,5.8,4.9,8.5,9.2,10.2
"ssp126",2050,9.8,-0.5,0.3,8.2,6.3,8,6.8,2.3,5.9,6.8,2.4,9.5,9.6,8.9,7.3,6.2,6.1,8.7,8.1,9.8
"ssp126",2051,13,-0.2,3.6,8.9,6.6,6.8,7.9,0.4,8.5,6.3,5.8,10.2,7.8,9.3,4,5,4.2,10.4,8.7,13
"ssp126",2052,9.6,0.9,2.8,9.5,8.1,9,8.9,3.9,6.4,6.8,6.9,9,7.1,9.7,6.1,5.2,6,8.2,9,9.7
"ssp126",2053,10,-3.4,3.4,7.4,6.4,6.8,8.5,4,7.6,7.2,5.2,10.2,6.7,10.9,7.4,6.2,4.8,10.5,9,10.9
"ssp126",2054,10,-5,2.9,8.4,7.8,7.7,8.4,3.6,5.4,8.6,2.7,9.6,7.2,9.2,7,6.1,4.5,10.4,8.2,10.4
"ssp126",2055,10.3,-0.7,0.3,7.9,6.1,7.7,9,2.9,6.1,4,4,8.8,9.5,10.1,6.4,6.3,3.9,8.6,9.7,10.3
"ssp126",2056,8.9,-1,4.4,8.9,5.8,6.9,7.9,5.3,6.9,7.3,7.2,10.4,8.6,9.7,5.5,5.3,4.9,7.4,8.1,10.4
"ssp126",2057,9.2,-2.2,1.5,8.5,5.8,7.7,7.7,5.2,6.9,8.7,3.1,8.9,6.5,10.5,6.2,6.1,4.2,8.9,7.9,10.5
"ssp126",2058,8.8,-1.3,2.8,8.6,7.1,8.9,9.4,6.7,6.2,6.1,3.7,10.3,8.4,10.5,5.7,6,8,8.2,9.2,10.5
"ssp126",2059,9.6,-4.3,2.8,7.3,7.8,7.1,9.9,3.4,6.4,7.1,4.6,10.5,8.2,9.6,8.9,5.5,7.5,8.2,9.3,10.5
"ssp126",2060,10.5,-0.2,2.1,7.4,8.1,6.7,6.9,3.9,7,8.4,5.5,10.2,8,10.3,6.3,4.8,5.1,6.9,10.4,10.5
"ssp126",2061,8.5,-1.9,1.6,7.3,7.6,8.1,7,6.6,8.6,5.3,4.7,9.9,8.6,10.4,4,4.2,5.8,8.4,9.2,10.4
"ssp126",2062,9.2,-1.5,4.2,7.7,7.2,7.6,7.7,6.1,7.3,7.8,5.5,10.9,7.9,10.3,5.4,5.9,7,9.4,9.2,10.9
"ssp126",2063,10.9,0.7,2.7,8.2,6.6,8.7,8.2,3.2,4.9,7.8,8.5,9.5,9.3,9.9,6.5,4.9,5.4,11,9.4,11
"ssp126",2064,8.9,0.7,1.9,9.3,7,7.6,8,2.7,5.8,7.7,3.9,9.7,8.8,10.6,4.8,6.3,5.8,7.1,10.9,10.9
"ssp126",2065,8.8,0.9,2.6,9.4,7.3,6.9,9.1,4.6,7.4,7.7,5.5,8.9,6.4,9.9,5,5.9,2.9,8.2,9.9,9.9
"ssp126",2066,10.7,-2.5,-0.7,8.2,7.5,8.7,8,3.8,9.2,7.1,5.6,10.3,5.9,9.9,3.8,6.6,5.8,9.6,9.8,10.7
"ssp126",2067,11.6,-5.2,0.6,8.2,8,6.7,7.3,3.7,5.1,9.1,5.9,11.8,10.1,10.7,5.1,5.7,4.7,8.9,10.3,11.8
"ssp126",2068,7.9,1.6,3.8,7.7,6.8,7.8,7.6,5.5,7.4,8.1,5.2,10.5,9.1,10.5,7.5,7.1,6.5,7.7,10.6,10.6
"ssp126",2069,9.9,1.6,2.7,9.6,7.5,9,8.5,2.5,6.2,10.3,4.1,10.4,8.7,9.7,5.7,6.3,6.7,9.3,8.2,10.4
"ssp126",2070,9.4,-4,1.1,8.4,7.1,6.5,7.6,8.1,7.9,6.8,5,10.3,7.7,9.1,5.7,5.5,5.2,9.7,8.4,10.3
"ssp126",2071,9.5,2.5,2.9,7.8,6.5,6.9,8.3,4.4,10.1,6.8,6.8,10,7.8,10.1,6.8,4.3,7.6,6.6,9.3,10.1
"ssp126",2072,8.2,0.1,2.2,10,7,7.9,8.8,4.8,6.1,9.1,6.2,9.1,9.3,9.2,5.8,5.6,7.7,7.3,10.2,10.2
"ssp126",2073,11.6,-1.9,0.5,8.9,8.2,6.7,9,5,7.2,9.7,5,10,9.6,9.7,8.6,6,3.9,7.3,8.3,11.6
"ssp126",2074,8.8,1.9,1,7.3,7.3,7.9,8.3,3.4,5.9,6.6,6.6,10.4,8.5,9.9,6,5.2,4.2,10,8.2,10.4
"ssp126",2075,10.2,-0.9,3,8.4,8.3,8.6,8.4,1.6,8.1,8.5,5.7,10.3,8.3,9.9,6.5,5.1,5.4,8.7,9.1,10.3
"ssp126",2076,9.7,-2.1,3.8,9.7,6.5,8.6,10.8,4,5.4,8.2,5.7,11.6,7.6,9.7,4.7,5.3,5.6,8.1,9.4,11.6
"ssp126",2077,9.4,4.4,-1,8.8,6.6,8.4,7.5,4.2,7.2,8.3,7.7,9.8,7.5,9.5,6.7,5.7,4.8,8.1,10.3,10.3
"ssp126",2078,8.4,1.7,2.1,7.8,6.9,8.4,7.1,5.9,7.6,8.8,5.7,9.4,9,10.5,5.7,5,7,8.6,9.4,10.5
"ssp126",2079,10.4,0.3,3.4,9.5,8.1,8.5,8.3,2,7.5,7.7,6.9,10.2,6.6,10.5,5.5,6.1,9,7.8,9.5,10.5
"ssp126",2080,11.5,-3,-0.1,7.1,6.4,7,6.2,2.2,8,8.4,5.9,9.9,7.8,10.3,4.6,5.8,3.8,7.3,9.7,11.5
"ssp126",2081,10.7,-0.1,1.6,9,6.9,8.8,6.7,4.8,6.5,6,6.7,10.7,6.7,9.8,6.4,5.5,6.1,10,10.3,10.7
"ssp126",2082,9.2,0.8,5.9,8.1,6.6,7.6,6.5,6.6,4.6,10.2,5.2,10.1,6.4,10.2,5,6.1,6.6,6.5,10.6,10.6
"ssp126",2083,10.9,-2.5,1.8,7.7,9.6,8,7,5,8.1,9.8,4.2,8.5,6.4,10.3,7,6.6,8,7.8,10,10.9
"ssp126",2084,9.4,1.9,3,7.9,5.8,6.2,7.1,6.2,6.3,11.1,5.5,9.9,8.7,9.8,7.2,5.5,5.9,8.2,10.8,11.1
"ssp126",2085,8.7,-1.4,2.3,8.5,7.2,8.2,8.9,3,5.9,8.3,4.2,8.9,8.2,10.7,6.4,5.8,5.3,8.6,9.9,10.7
"ssp126",2086,8.1,-4.3,1.7,9.2,6.7,10.3,7.6,5.5,7.7,6.5,4,10.1,7.8,10.2,5.8,4.7,6.1,7.7,8.6,10.3
"ssp126",2087,10.2,0.3,3,8.6,7.7,9.3,9.9,4.2,5.8,9.1,4.6,9.6,5.9,10,7,5.6,6.7,9.6,10.9,10.9
"ssp126",2088,8.9,2.1,0.3,8.7,7.9,7.9,7.5,5,6,8.3,5.3,10.2,7.4,9.3,6.1,5.8,8.4,8.5,8.4,10.2
"ssp126",2089,9.5,-5.2,5.8,7.7,6.7,9.5,8.7,3.1,6.7,8.6,6.2,9.6,9.1,10.2,6.2,5.8,5.7,7.6,11.6,11.6
"ssp126",2090,9.7,-0.4,3.2,8.8,7.3,9.2,9.7,3.7,6.3,8.8,4.1,9,8.1,10.1,5.5,5.5,8,9.9,9.4,10.1
"ssp126",2091,8.8,0.5,3.1,8.5,7.9,7.3,8.2,3.6,6.7,8.6,4.6,10.6,8.6,9.3,6.6,6.6,6.6,8.6,9.5,10.6
"ssp126",2092,9.3,-2.1,3.9,9.3,8.1,7.8,8.2,3.3,7.6,7.9,6,11,8,10.1,5.4,5,5.8,9,10.2,11
"ssp126",2093,9.2,-3.5,1.3,8.8,7.4,7.9,10.3,5.1,8.2,6.7,4.3,9.5,7,9.7,5.1,4.9,3.4,9.3,10.4,10.4
"ssp126",2094,9.1,-1.6,2.2,8.7,7.4,7.5,8.8,5.9,7.8,6.6,6.1,10.6,7.5,9.8,4.7,6,4.4,8.2,11.4,11.4
"ssp126",2095,9.8,0.7,4.3,7.9,7,7.4,9,4.7,5.7,7.1,3.7,9.6,6.7,9.5,4.2,4.6,5.9,8.9,8.7,9.8
"ssp126",2096,9.8,3.1,-0.1,8,7.6,7.8,7.8,5.7,7.8,9,5.1,8.8,11.1,9.2,5.9,5.9,6.9,7.2,10.6,11.1
"ssp126",2097,9.3,-0.8,3.6,8,8.1,7.7,7.5,6.1,7.2,9.2,5.1,9.7,9,9.8,5.1,6,5.6,6.5,10.9,10.9
"ssp126",2098,10.1,-5.5,1.4,9.5,7.6,9.1,7.6,4,6.5,9,5.3,11,7.8,10.6,5.3,5.4,5.5,8.9,11.1,11.1
"ssp126",2099,10.2,0.4,1.6,8,8.9,7.7,7.6,6,6.4,8.1,3.5,10.6,7.5,9.6,5.1,6.1,5.9,7.5,10.3,10.6
"ssp126",2100,9.3,2,0.6,8.7,6.1,7.4,7.8,3.4,7.2,8.4,5.1,9.4,7.5,10.1,7.3,5.7,5.7,8.9,10.2,10.2
"ssp245",2015,7.7,-1.3,2.6,6.8,5.2,5.6,5.5,4.6,6.7,6.7,5.7,8.6,6.3,9.5,5.5,7.1,4.9,10.8,6.1,10.8
"ssp245",2016,7.2,0.2,2.5,6.6,6.2,6.8,5.4,5.3,3.8,7.6,3.8,8.3,7.4,6.9,5.8,5.4,2,6.5,5.9,8.3
"ssp245",2017,8.2,-8.4,2.1,8.4,5.8,6.8,6.4,4.5,5.3,5.8,6.1,8.3,5.3,7.8,4.5,4.5,2.3,7.8,6.9,8.4
"ssp245",2018,8.5,-2.3,0.4,6.8,7.4,6.2,6,5.4,5.1,9.5,4.6,6.6,6.6,7.8,7.3,5.6,5.9,6.5,6.6,9.5
"ssp245",2019,8.1,-2.1,3.6,7.7,5.1,6.9,7.5,3.7,5.3,5.8,4.8,7.7,7.5,8.5,3,7.2,4.1,7.8,5.7,8.5
"ssp245",2020,8.5,-2.6,2.4,6.4,6.1,5.2,5.8,4.3,6.7,6.6,5.8,8.8,8.1,8.5,4.1,5.9,4.6,8.7,7.3,8.8
"ssp245",2021,7.5,-3.4,2.1,7.3,6,6.3,7.8,4.5,5.8,8.3,4.8,7.9,6.7,7.7,4.1,4.4,5.5,7.2,6.8,8.3
"ssp245",2022,6.6,-0.4,3,8.1,6.6,6.1,7.9,4.8,4.9,7.1,5.3,8.8,7.3,6.9,5.7,5.4,5.1,8.3,7.4,8.8
"ssp245",2023,7.4,0.1,5.9,8,7.4,5.7,8.1,6.6,6.1,6.9,4.6,9.3,5.6,8.4,6.1,5.4,5.6,7.9,7.3,9.3
"ssp245",2024,8.4,-1.4,1.3,5.7,7,6.1,5.6,5.6,5.5,6.4,5.9,9,8,8.5,5.6,5.6,3.9,7.5,7.8,9
"ssp245",2025,9.1,-2.9,1.8,7.8,6.1,5.4,7.1,3.1,9.3,6.5,5.3,9.2,7.5,9,4.9,4.5,3.4,7.8,6.2,9.3
"ssp245",2026,9.4,0.3,0.6,5.8,6.4,7,8.9,3.3,4.2,4.9,6.6,9.3,6.7,9.2,5.6,4.1,5.6,7.4,8,9.4
"ssp245",2027,7.7,-1.5,-1.1,8.1,7,6.4,6.9,4.6,5.5,7.6,4.9,9.8,7.1,8,5.1,4.6,5.4,5.8,8.1,9.8
"ssp245",2028,8.4,-4,4,7.7,5.7,5.5,8.9,5.2,7.7,6.4,6.7,9,9.4,9.6,4.5,3.9,6.4,8.4,7.2,9.6
"ssp245",2029,8.4,-1.1,1.4,7.9,6.6,6.8,5.7,4.9,6.3,7.5,4.7,9.9,8.6,9.4,6.9,6.2,7.1,7.5,8.6,9.9
"ssp245",2030,7,-4.2,0.8,6.9,6.1,6.9,9,3,7.4,5.7,5.3,9.6,7.4,9,6.7,5.8,5.7,8.2,9.5,9.6
"ssp245",2031,8.1,-2.1,0.2,7.6,5.5,8.4,7,5.8,7.9,6.7,6,9.1,7.4,7.8,6,5,3,10.3,8.8,10.3
"ssp245",2032,9.3,-0.4,3.7,6.1,6,5.3,7.8,4.9,5.1,6.4,6.7,9.5,5.9,9.5,6.2,5.9,5.3,7.8,9,9.5
"ssp245",2033,9.3,-3.6,0.8,7.1,6.4,6.8,8.8,5,6.2,3.7,4.8,10.1,6.7,8.6,6.4,6.2,4.3,8.8,9.8,10.1
"ssp245",2034,8.3,1.7,1.2,8.3,6.2,8.1,9.4,4.3,7.4,5,4,8.9,7.6,7.7,5.7,5,6.6,9.7,10.1,10.1
"ssp245",2035,8,-2.8,1.4,8.1,7.1,6.4,7.2,5.2,7.3,3.3,4.5,8.3,8,9.6,6,5.7,5.4,8.8,8.8,9.6
"ssp245",2036,9.1,-1.9,1.5,7.5,5.8,6.7,7.8,4.8,5.8,2.6,4.7,10.2,6.2,10.4,5.6,5.7,3.7,8.3,7.4,10.4
"ssp245",2037,9.5,-1.6,0.4,6.9,6.8,6.5,9.2,6,5.1,6.8,6.2,9.5,7.5,8.9,3.6,5.8,6.2,10.8,9.6,10.8
"ssp245",2038,9.5,-3.4,3.3,7.9,7.4,8.2,7.2,4.8,5,8.7,4.3,10.4,7.4,10.1,6.2,6.1,5.6,8.4,8.8,10.4
"ssp245",2039,9.4,-1.8,2.9,8.3,6.7,7.9,7.4,5.3,6.6,5.8,6.3,9.4,7.9,8.9,7,6.1,6.5,8.2,9.5,9.5
"ssp245",2040,9.6,-1.7,3.5,8.4,7.2,8,9,4.9,7.4,7.4,5.9,9.5,7.6,8.6,6.2,5.8,4.7,7.2,8.1,9.6
"ssp245",2041,9.1,-2.2,1.8,8.1,6.2,7.1,7.4,6.5,5.8,7.2,6.8,10.1,10.7,8.3,5.1,6,7.4,8.9,9,10.7
"ssp245",2042,10.1,-4.4,3.6,8.1,7.6,7.8,7.3,4.4,4.6,5.2,5.6,8.6,7,10,6.2,5.5,5.5,8.9,9.1,10.1
"ssp245",2043,9.4,0,2.5,7.9,6.9,8.8,7,6.9,5.3,8.7,4.7,10.1,8.2,8.8,5.4,7,5.8,8.6,10.5,10.5
"ssp245",2044,9.4,-2.3,3.3,9.1,6.9,9.1,8.8,4.6,6.7,8.5,4.7,10.8,7.4,9.6,4.6,6,6.7,8.5,9.7,10.8
"ssp245",2045,8.6,-2,-3.7,7.8,8.9,7.4,8.2,5.6,6.8,8.9,6,11.3,7.8,8.2,7,6.8,5.8,8.2,9.3,11.3
"ssp245",2046,8.5,-4.1,3.2,7.4,6.5,7.1,7.6,6.1,4.9,5,5.8,9.7,10.1,10,5.1,6.7,6.3,8.7,8.5,10.1
"ssp245",2047,10,1.2,-0.6,8.1,6.9,7.2,8.7,4.4,4.7,8.3,7.1,9.8,9.3,9.8,4.9,5.1,5.8,9.4,9,10
"ssp245",2048,9.2,-3.4,1.6,7.7,6.8,7.4,9,5.5,8.8,8.9,3.5,10.4,7.3,10.2,5.9,5.3,6.1,8.5,8.7,10.4
"ssp245",2049,11.7,-5.7,1.6,9.2,7,9.6,8.6,4.9,7.5,8.3,4,10.7,8.4,9.6,6.2,5.3,7,9.7,9.4,11.7
"ssp245",2050,9.9,-2.7,0.9,8.8,7.1,8.7,10.9,5.3,6,5.7,4.7,10.4,6.4,9,7.3,5.7,8.4,7,10.5,10.9
"ssp245",2051,9.3,-1.7,2.5,8.7,6.7,7.5,11.2,4.3,8.3,10.5,5.6,10.8,8.8,9.5,6.4,5.3,7.4,7.9,8.7,11.2
"ssp245",2052,10.9,0.9,0.2,8.5,5.9,7.5,10.4,4.9,8.5,6.2,5.2,11,7.9,9.7,6.6,5.5,7.2,8.4,9.4,11
"ssp245",2053,10.2,-0.1,3.5,9.4,6.4,8.1,8,4.8,6.8,7.8,5.3,11.5,6.2,9.8,5.8,6.2,5.7,8.2,8.6,11.5
"ssp245",2054,10.5,-4.5,0.3,10,6.8,6.4,9.4,6.5,7.6,4.3,6.3,10.6,7.9,9.3,4,6.2,4.9,10.1,9.8,10.6
"ssp245",2055,10.3,0.5,2.6,8.4,7,8.3,8,5.4,6.5,7.6,4.9,11.2,10.1,9.4,6.6,5.9,5.6,9.7,10.5,11.2
"ssp245",2056,10.5,-3.8,2.1,9.2,6.7,8.1,8.9,5.2,6.7,4.8,5.5,11.4,8.4,10.5,5.7,5.4,6.2,11,10.6,11.4
"ssp245",2057,10.9,0.9,1.2,8.1,6.8,8.1,8,6.1,6.5,7.8,3.8,11,8.3,10.2,7.7,5.8,6.5,6.5,11.1,11.1
"ssp245",2058,9.6,-2.2,2.5,8.8,7.7,8.6,8.2,4.6,9.6,8.2,5,11.9,7.6,9.9,5.8,6.4,8.3,9.7,9.9,11.9
"ssp245",2059,11.2,-4.6,4.4,9.4,8.5,7.7,8.5,8.1,8.1,10.4,5.5,11.2,8.7,10.2,5.9,6.2,7.4,8,11.9,11.9
"ssp245",2060,11,-2.5,2.9,8.4,7.4,7.3,10.3,5.8,5.8,9.7,6.3,11.2,9.3,9.7,7.5,6.2,7.6,9,10.9,11.2
"ssp245",2061,10.5,-3.5,3.1,9.4,6.7,6.5,7.2,5.9,7.8,9.9,5.4,10.8,7.8,9.4,6.1,6.6,7.8,6.2,10.8,10.8
"ssp245",2062,10.5,-1,3.5,8.9,8.3,7.8,10.9,5.4,7.8,9.9,6.8,10.4,8.2,9.7,5.7,5.8,5.7,9.4,9.7,10.9
"ssp245",2063,9.8,2.3,3.5,8.7,10,7.1,8.8,7.4,7.1,7.4,5,11.3,8,10.1,6.6,6.2,6.3,9.6,11.1,11.3
"ssp245",2064,12.3,-1.1,0.4,9.6,6,8.3,9.7,4.1,8,8.1,6.4,10.9,7.4,9.9,7.7,6.1,5.4,10,10.9,12.3
"ssp245",2065,10.4,-1.8,3.4,9.3,9.4,7.5,8.4,4.9,8.1,8.7,5.5,10.4,7.8,9.9,6.8,6.6,6.1,10.3,9.9,10.4
"ssp245",2066,9.6,0.2,2.3,9.9,6.6,9.7,9.2,4.9,7,7.8,6.5,11.5,8.2,9.5,8.3,6,7.3,7.2,10.4,11.5
"ssp245",2067,8.9,-3.3,2.3,9.5,7.7,10.1,10.1,5.9,6.5,9.8,7,11.9,7.6,9.1,6.1,6,8.1,7.8,9.8,11.9
"ssp245",2068,11,-0.8,-0.9,11.1,7.8,8,9,5.5,5.6,8.9,6.7,12.4,9.4,8.1,5.5,6.9,6.8,10.2,10.8,12.4
"ssp245",2069,11.9,-1.7,1.7,9.3,7,8.3,9,6.9,7.6,8.9,6.7,11.6,9.3,9.5,6.9,7,5.5,9.8,10,11.9
"ssp245",2070,11.6,-0.5,1.3,8.3,7.8,8.8,9.7,5.3,6.5,10.4,4.5,10.9,8.6,10.2,9.8,6.2,7.7,9.3,10.6,11.6
"ssp245",2071,11.1,-2.8,3.3,8.8,8.7,10.9,10.7,4.9,7.7,11.3,7.1,12,7.3,9.9,5.7,6.9,6.9,12.4,10.6,12.4
"ssp245",2072,11.1,-1,0.9,10,8.5,8.2,10.2,6.4,8.5,10.9,5.6,10.6,9.2,9,7.5,6.3,7.4,7.4,10.9,11.1
"ssp245",2073,10,1.1,3.1,9,7.8,8.9,8.5,4.7,7.3,9.2,6.3,12.4,9.4,11.3,6.9,6.9,6.8,9.4,10.4,12.4
"ssp245",2074,11.4,1.5,-0.6,10.8,8.6,9.7,8.4,4.9,6.3,9.3,5.8,11.9,9.2,11.6,5.8,5.9,5.5,9.2,10.7,11.9
"ssp245",2075,9,-2.5,3,8.7,8.6,7.9,9.7,5.8,7.7,8.9,5.3,10.6,8.3,9.7,5.9,6.5,4.8,11.9,10.4,11.9
"ssp245",2076,13.5,-0.2,1.7,8.9,7.3,8.4,8.6,6.2,6.6,6.8,6,10.8,8.9,9.9,6,6.3,9.2,7.7,11.1,13.5
"ssp245",2077,10.6,-4,2.5,10.2,7.5,10.3,9.4,6,9,11.9,6.3,12.6,9,9.3,5.4,5.9,6.7,11,10.7,12.6
"ssp245",2078,12,-2,4,10.5,8.5,10.1,11.2,6.4,9.2,9.1,6.7,12,10.4,10.8,7.9,6,6.1,8,11.3,12
"ssp245",2079,11.4,3.2,2.4,9.3,9.3,8.1,9.5,5.9,9,8.9,7.2,11.1,7.9,9.7,8.5,7.7,6.7,9.3,11.4,11.4
"ssp245",2080,10.1,1,5.5,9.2,8.9,8.4,7.3,6.1,7.3,12.8,6.6,11.7,10.2,10.5,10,6.7,7.1,9.6,10.8,12.8
"ssp245",2081,10.7,0.8,2.2,9.5,7.9,8.8,9.3,6,7.1,6.1,5.5,13,9.5,10.5,6.5,6.7,6.5,9.6,12.5,13
"ssp245",2082,11.4,0.6,3.7,10.3,8.3,7.9,10.1,5.5,7.3,8.7,6.5,11.9,9,10.1,6.9,6.2,9.2,9.2,12.6,12.6
"ssp245",2083,13,2.5,1.9,11.5,9.9,9.6,9.3,5.1,5.6,7.8,6.2,10.9,7.6,10.8,6.7,7.2,8.3,10.1,11,13
"ssp245",2084,10.2,-2.4,2.7,10.2,9.1,8.9,9.9,5.5,7.7,7.9,3.7,12,7.8,9.4,7.6,6.7,7,7.9,10.9,12
"ssp245",2085,11.4,-0.8,1.9,10.7,8.6,9,10.5,7.7,9.3,8.5,5,11.8,8.6,10,7.1,6.3,4.6,9.7,11.5,11.8
"ssp245",2086,10.1,-4.6,2.8,9.9,6.9,8.5,9.9,5.9,6.5,11,5.7,11.4,10.6,9.8,7.6,6,6.7,11.1,12,12
"ssp245",2087,11.2,1.7,1.5,10,8,9.3,8.6,5.1,7.8,10.6,7.3,11.3,10.5,10.2,6.5,7,7.3,10,11.3,11.3
"ssp245",2088,9.6,1.2,2.4,10.7,7.5,8.2,9.4,6.8,9.3,9.3,6.4,11.3,8.8,9.7,6.4,6.1,7.3,10.7,12.4,12.4
"ssp245",2089,11.4,-1.2,3.4,10.1,9.6,8.7,9.1,6.8,8.9,10.9,5.1,11.3,7.4,10.4,6.4,6.6,7.1,8.9,12.3,12.3
"ssp245",2090,13.4,-1.2,2.1,10.1,8.9,10.2,9.1,5.6,7.6,9,6.4,11.3,7.7,10.4,5.7,7,8.3,10.8,12.4,13.4
"ssp245",2091,12.6,2.1,2.2,10.5,8.5,10.7,10.4,5.5,6.9,13,6,12.1,9.4,9.6,5.6,7.2,8.6,9.5,11.6,13
"ssp245",2092,10.8,2.3,4,10.3,8.2,8.9,8.8,5.5,7,9.1,7.2,13.1,9.2,11.3,5.2,6.1,6.4,8.4,9.8,13.1
"ssp245",2093,10.6,0.9,0.8,9.5,8.3,10.2,10.7,6.6,8.7,8.8,7.7,12.1,8.7,11.5,7.2,6.1,8.7,10.2,11.9,12.1
"ssp245",2094,11.7,0.7,3.1,10,11.3,9.2,10.3,5.1,7.4,9.2,7.5,11.4,10,10.9,6.8,6.3,6.7,12,10.5,12
"ssp245",2095,11.4,-0.9,2.2,10,9,9.9,9.5,6.1,5.5,8.2,5.9,12.7,9.2,8.6,8.1,6.2,4.7,7.9,10.4,12.7
"ssp245",2096,11.6,0.7,4.1,11.3,8.8,10.5,10.6,6.8,7.4,10.3,5.9,11.6,10.2,10.1,5.8,7,7.3,8.4,11.2,11.6
"ssp245",2097,12.4,1.9,2.6,9.2,10.1,9.3,9.7,5.7,7.7,8.8,6.6,12.9,8.3,10.4,5.8,6.9,9.8,10.1,11.3,12.9
"ssp245",2098,11,-2.8,2.9,10.3,8.1,10.3,10.6,4.6,8.2,10,6.3,11.8,8.5,11.1,10.3,6.3,5.9,10.3,11.9,11.9
"ssp245",2099,11,-0.3,2.2,11.2,8,10.5,10.6,5.4,5.8,11.2,5.7,12.4,10.5,11.1,6.5,6.2,7.2,10.1,12.6,12.6
"ssp245",2100,11.6,-3.8,2.7,11.7,9,11.1,9.7,6.1,6.9,10.6,6.9,13.6,10.2,11,7.4,8,6.9,9.4,12.4,13.6
"ssp370",2015,7.7,-5.9,0.3,7.1,5.1,5.7,7.1,2.4,4.9,NA,6.6,9.2,7.9,6.9,5.4,5.3,5.2,NA,8,9.2
"ssp370",2016,7.6,-1.7,-0.3,6.6,5.5,4.5,9.4,5,5.8,NA,5.3,9.7,5.6,9,5.1,4.5,6.8,NA,6.8,9.7
"ssp370",2017,9.8,-2,-0.5,6.1,5,7.2,6,1.9,5,NA,7.1,8.7,5.9,7.9,7.7,3.8,6.4,NA,6.8,9.8
"ssp370",2018,7.9,-0.3,0.4,6.7,6,5.7,6.9,1.4,8.6,NA,5.8,9.3,7.1,8.4,5.9,5.1,5,NA,6.9,9.3
"ssp370",2019,9.9,-1.7,1.2,6.1,5.9,8,8.1,1.7,5.1,NA,6.1,9.2,8.1,8,6.3,4.7,6.5,NA,6.8,9.9
"ssp370",2020,7.6,-1.2,4.3,6.5,6.6,7.2,6.3,2.9,4.8,NA,6.2,9.8,8.7,8.9,6.4,5,5.8,NA,8.1,9.8
"ssp370",2021,7,-5.6,-0.2,8.3,7.2,5.6,6.2,2.6,5.6,NA,6.1,8.5,6.7,7.7,7.5,4.5,6,NA,6.8,8.5
"ssp370",2022,7.3,-4,-1.1,6.9,6.6,6,6.8,2.3,4.9,NA,7.4,8.1,8.1,8.8,7.5,4.7,6,NA,7.1,8.8
"ssp370",2023,8.3,-1.7,-2.3,6.4,5.7,5.8,6.6,0.1,4.6,NA,5.8,8.9,7.6,7.6,7.6,5.1,6.1,NA,7.5,8.9
"ssp370",2024,9,-2.8,0.2,7.6,7,7.2,7.3,4.3,7.6,NA,5.6,9,6,8,6.9,4.8,7.9,NA,8.9,9
"ssp370",2025,10,-4,2.7,7.1,5.9,7.7,6.4,1.9,5.9,NA,6.3,9.8,7.1,8.6,5.6,5.1,5.5,NA,7.5,10
"ssp370",2026,10.2,0.6,2.1,6.8,5.7,7.3,6.4,3.5,4.2,NA,6.5,9.4,7.5,9.3,7.9,7.2,8,NA,6.9,10.2
"ssp370",2027,8.6,-5,3.3,9,7.5,7.5,6.9,4.2,6.1,NA,5.7,9.7,8.5,9.1,6.6,6.6,6.4,NA,7.4,9.7
"ssp370",2028,7.2,2.5,2.8,8,4.6,8.1,6.4,0.1,5.8,NA,5.8,9.5,9.1,8.1,6.4,5.9,6.9,NA,8.2,9.5
"ssp370",2029,8.5,-5.2,2.1,7.3,5.3,6.5,5.1,4.7,8.2,NA,5.1,10.8,7.8,9.5,7.7,5,7.5,NA,6.7,10.8
"ssp370",2030,10.1,-0.7,2.6,8.3,7.4,7.8,5.7,2.5,8,NA,4.4,9.4,8.1,9.4,5.9,5.3,6.7,NA,9.9,10.1
"ssp370",2031,8.8,0.4,3.1,8,6.2,6.4,7.8,3.9,7.3,NA,7.2,10,9.4,8.9,7.7,7.3,7.1,NA,6.7,10
"ssp370",2032,9.4,0.2,0,8.3,5.9,6.7,7.7,0.7,5.8,NA,6,9.9,9.6,8.2,5.2,5.5,7.5,NA,7.9,9.9
"ssp370",2033,8.4,1,1.6,7.3,6.5,7.4,7.6,2.9,9.9,NA,5.4,8.6,7.6,8.9,6.7,4,6.2,NA,8.8,9.9
"ssp370",2034,9.2,-4.7,4.1,7.1,6.4,6.9,8,4.4,7.2,NA,5.9,8.8,8.5,8.3,8.4,4.7,6.5,NA,9,9.2
"ssp370",2035,8.4,-0.3,4.6,7,5.6,7.8,8.2,2.1,5.1,NA,5.7,9.6,7.2,8.7,6.8,5.7,7.5,NA,10.1,10.1
"ssp370",2036,8.8,0.4,1.8,7.5,6.4,7.2,6.1,3.9,6,NA,5.4,9.4,8.1,9.3,6.2,5.3,6.1,NA,8.4,9.4
"ssp370",2037,8.4,-0.7,2.9,7.6,8.3,6.6,6.9,4.3,7.1,NA,6.5,10,8.1,9.7,7.3,7.3,7.1,NA,9.4,10
"ssp370",2038,10.8,-4.1,1.2,9.6,7.5,7.5,7.5,3.1,6.8,NA,6.5,10.4,8.4,8.2,7.1,6,6.9,NA,8.9,10.8
"ssp370",2039,8.4,0.3,3.9,9,6.3,8.5,6.7,3.5,5.3,NA,7.7,9.5,8.5,7.7,7,4.5,6.4,NA,7.5,9.5
"ssp370",2040,7.8,-0.2,1.9,7.4,7.3,7.1,6.9,4.1,6.3,NA,7.3,11.3,7.4,9.2,7.4,5.7,7.8,NA,9.5,11.3
"ssp370",2041,9.7,-3.4,3.9,8.8,6.5,7.7,9,1.1,8,NA,7.1,8.8,8,8.4,6.6,5.9,7.1,NA,8.3,9.7
"ssp370",2042,10.8,1.5,2.4,8,4.7,8.7,8.8,4.2,6.1,NA,6.1,9.4,8.2,7.6,6.9,5.1,6.7,NA,9,10.8
"ssp370",2043,8.5,-1.5,2.1,10.1,6.4,7.6,7.2,3.4,8.2,NA,6.6,9.9,8.2,10.1,6,7.6,5.8,NA,8.4,10.1
"ssp370",2044,11.1,2.2,1.9,8.9,6.8,7.1,8.6,3,5.6,NA,7.6,10.1,7.9,9,6.8,5.4,6.3,NA,9.8,11.1
"ssp370",2045,7.7,2.6,-0.5,8.9,6.5,8.9,8.9,2.8,8.7,NA,5.6,10,10,9.5,7.1,5.4,7.3,NA,9.5,10
"ssp370",2046,9.2,-2.4,3.1,8.9,8,8.6,8.5,2.9,5.6,NA,7,10.6,10,9.7,7.2,6.3,6.4,NA,10.6,10.6
"ssp370",2047,8.7,0.1,0.3,9.1,8.3,8.4,8.5,3.4,6.2,NA,7.9,11.3,8.2,8.9,7.5,5.8,8.2,NA,11,11.3
"ssp370",2048,10.5,-5.8,2.1,9,7.3,7.1,7.2,4.2,6.4,NA,7.4,11,9,9.5,7.3,5.1,9.4,NA,9.2,11
"ssp370",2049,9.8,-2.1,1.3,8.8,6.2,8.2,8.3,3.9,5.8,NA,7.2,12,8.2,9.6,8,6.1,7.8,NA,9.5,12
"ssp370",2050,8.9,0.6,3.9,10.1,7.4,8.6,8.5,5,9.6,NA,6.7,10.9,8,7.8,7.6,6.8,6.7,NA,10,10.9
"ssp370",2051,10.8,3.5,2.8,9.9,6.3,8.1,10.3,3.1,6.1,NA,7.1,10.9,8,10.1,7.7,6.3,7.9,NA,10.1,10.9
"ssp370",2052,8.3,2.8,1.3,9.4,7.6,7.6,7.8,3.8,9.4,NA,7,10.7,7.1,10.7,7.2,7.2,6.7,NA,10.5,10.7
"ssp370",2053,12.3,-0.1,4.4,9.3,7.6,7.9,7.6,4.3,8.9,NA,6.5,12,8.1,10,8.8,5,6.4,NA,9.6,12.3
"ssp370",2054,10.5,0.2,3.2,10.3,7.8,7.3,7.4,3.5,9.3,NA,7.4,11,9.5,10.4,7.8,6.7,7.9,NA,10.5,11
"ssp370",2055,10.7,-0.7,2,10.8,7.5,8,8.3,4.4,6.9,NA,8.4,11.5,7.6,9.1,6.3,5.8,6.6,NA,9.4,11.5
"ssp370",2056,10.5,0.9,2.4,10.1,8.3,8,10.1,2.6,6.5,NA,6.7,10.7,8.8,10.3,6.8,6.3,6.9,NA,11.6,11.6
"ssp370",2057,10.5,-0.2,0.6,10.6,7.1,7.4,9.4,3.9,7.8,NA,7.2,12.2,8.9,11.1,7,6.3,7.4,NA,9.4,12.2
"ssp370",2058,10.5,3.3,2.8,10.4,7.3,7.4,10.8,7.4,6,NA,6.8,10.9,9.1,10.2,8.9,6.3,7.2,NA,11,11
"ssp370",2059,10.3,2.3,3,9.7,7.6,9.7,9.7,3.1,6.5,NA,6.6,12.2,8.5,9.7,7.8,6.7,9,NA,10.1,12.2
"ssp370",2060,9.9,1.2,5.2,10.1,7.4,8.2,9.1,5.1,9.5,NA,6.3,11.8,8.8,10.6,8.5,7.1,7.7,NA,9.7,11.8
"ssp370",2061,10.8,-1.4,4.2,10.4,8.4,8.2,9,3.9,4.7,NA,7.4,10.9,7.4,9.8,9.1,7.2,7.4,NA,11.4,11.4
"ssp370",2062,11.2,2.4,3.6,10.1,9.7,9.7,8.5,5.9,6.1,NA,8,11.5,8.5,10.6,9.1,7.5,8.6,NA,11.5,11.5
"ssp370",2063,11.4,-1.8,1.2,10.3,7.5,9.4,10,6.6,6.6,NA,6.8,11.9,9.6,9.4,8.6,7.3,7.3,NA,10.5,11.9
"ssp370",2064,11.7,2.6,5,10.9,9.5,8.8,10.1,3.4,8.7,NA,7.4,11.4,8.7,10.5,8.9,6.7,8.2,NA,11.1,11.7
"ssp370",2065,10.9,3.3,3,11.2,7.9,10,7.6,2.8,9.4,NA,7.4,11,9.6,11.6,8.4,5.9,7.5,NA,10.9,11.6
"ssp370",2066,10.2,-0.7,7.5,9.5,8,10.6,10,5.5,7,NA,9.9,11.3,9.7,10.8,7.6,6.2,8.6,NA,10.6,11.3
"ssp370",2067,9.7,-0.8,4.2,10,9.5,9,8.5,5.9,8.5,NA,8.6,11.5,8.6,10.9,9.5,7.5,7.9,NA,11.2,11.5
"ssp370",2068,11.3,0.4,5.3,11.1,6.9,8.7,8.6,6,7,NA,7.4,13.1,9.2,10.1,7.9,6.1,7.6,NA,11.3,13.1
"ssp370",2069,11.7,-3.7,2.9,11.1,7.9,10.2,9.8,6.5,5.8,NA,7.4,12.9,6.9,11.3,7.8,8.3,8.4,NA,11.8,12.9
"ssp370",2070,11.7,3.1,6.6,10.8,8.4,9.5,10.6,6.4,6.4,NA,7.2,14.2,10.3,10.8,7.6,7.2,7.9,NA,11.1,14.2
"ssp370",2071,11.3,2,2.8,11.1,9,9.1,9.1,7.1,9.4,NA,7.8,12.5,9.5,9.9,8.6,8.9,7.7,NA,11.6,12.5
"ssp370",2072,11.3,3.9,5.7,11.2,8.9,9.2,7.9,5.5,6.9,NA,7.7,12.9,9.5,9.3,9.4,6.9,8,NA,11,12.9
"ssp370",2073,10.9,1.4,4.1,11.4,8.2,9.5,10.1,4.4,6.4,NA,7.7,13.5,8.4,10.9,8.9,7.2,7.9,NA,11.9,13.5
"ssp370",2074,12.2,3.3,3.4,10.2,9.3,9.9,9,5.9,7.3,NA,7.9,12.7,8,10.6,8,6.4,7.7,NA,12.4,12.7
"ssp370",2075,11.3,2.3,4.3,11.5,7.8,9.1,9,4.6,5.5,NA,7.6,12.6,8.8,11,10.8,7.7,9.1,NA,12.7,12.7
"ssp370",2076,11,0.9,3.6,11.9,8.6,8.9,10.5,3.6,7.1,NA,6.7,11.5,8.5,12,7.6,6.3,8.7,NA,11.6,12
"ssp370",2077,12,4.9,4,10.8,7.3,10.3,8.3,2.5,9,NA,7.9,13.7,8.4,10.9,10.2,7,8.6,NA,11.4,13.7
"ssp370",2078,11.5,-1.9,4.2,12.1,9.1,10,9.4,4.5,9,NA,7.3,13.1,9.8,11.2,8.9,7.2,7.6,NA,13.1,13.1
"ssp370",2079,12.3,1.8,3.4,13.5,8.8,10,9.6,6,8,NA,7.5,13.4,8.7,10.8,7.2,7.4,8.8,NA,14.1,14.1
"ssp370",2080,11.6,2,5.4,12.5,8,10.1,10.1,6.2,8.2,NA,8.4,13.5,7.7,11.3,8.9,7.2,8.4,NA,13.6,13.6
"ssp370",2081,11.1,2,3.7,12.2,10.6,10.4,11.7,6.4,7.2,NA,7.3,13.7,9.2,10.7,9.1,8.1,8.9,NA,11.9,13.7
"ssp370",2082,11.9,4,5.2,12.3,7.9,10.6,11.1,6.1,7.8,NA,8.1,13,9.3,11.1,10,7.5,7.6,NA,12.6,13
"ssp370",2083,12.1,1.1,6.6,12.5,8.8,10.6,9.1,4.4,9.2,NA,7.8,13.3,9.5,11.5,8.3,7.7,9,NA,11.6,13.3
"ssp370",2084,12.3,2.6,6.9,11.5,11.1,7.8,9,6.7,7.8,NA,9,13.4,10.4,11.8,8.8,8.4,8.6,NA,14.3,14.3
"ssp370",2085,12.6,2.3,4.8,12,10.1,11.1,9.9,5.9,9.7,NA,8,14.5,9.5,10.5,8.8,8.4,7.8,NA,14.7,14.7
"ssp370",2086,13.2,0.2,8.8,11.7,8.6,10.6,10.3,3.8,8.4,NA,9.2,14.6,10.2,10.8,9.3,7.4,9.2,NA,14.5,14.6
"ssp370",2087,12.3,7,3.5,12.4,10.4,11.7,10.1,5.1,9.1,NA,8.2,14.3,9.1,11.7,9.6,9.1,8,NA,13.9,14.3
"ssp370",2088,12.4,2.5,6,12,9.6,9.8,12.8,7.9,11.1,NA,7.7,14.6,11.5,12,8.6,8.1,9.9,NA,13.2,14.6
"ssp370",2089,12.1,1.2,3,12.1,10,9.8,11.5,7.6,9.2,NA,8.7,14.6,8.9,12,9.6,7.2,10.3,NA,13.4,14.6
"ssp370",2090,14.8,-1.4,6.2,12.4,10.8,11.7,12.6,6,8.7,NA,7.3,14.1,9.6,11,9.6,9.3,8.9,NA,13.6,14.8
"ssp370",2091,12.5,2.7,4.2,12.9,9.9,11.2,12.5,4.6,7.7,NA,8.5,13.3,9.6,11.9,9.4,9.5,8.7,NA,12.8,13.3
"ssp370",2092,13.4,-1.3,5.4,12.1,12.1,10.3,11.2,7,9.7,NA,7.6,14.9,10.9,10.4,11.2,8.6,7.5,NA,13.4,14.9
"ssp370",2093,13,-1.7,4.5,12.1,12.9,10.9,11.8,9,7.8,NA,7.5,14.6,11.6,11.5,10.2,9.5,9.8,NA,14.8,14.8
"ssp370",2094,14.4,0.7,5,12,13.8,13.1,12.4,7.9,10.6,NA,8.5,15,10.3,11.2,10.3,7.8,9.4,NA,14.6,15
"ssp370",2095,12.8,1.8,6.7,12.1,10.7,10.8,12,7.6,8.5,NA,9.6,14.8,9.3,12,10.4,8.3,8.6,NA,14.1,14.8
"ssp370",2096,12.8,2.8,4.7,13.4,12.9,11.4,12.3,5,9,NA,9.1,15.6,9.7,12,9.3,9.5,9.6,NA,15,15.6
"ssp370",2097,12.6,-0.4,4.4,12.2,9,11.8,12.1,5.5,7.9,NA,8.4,15.9,11.9,12.1,10.2,8.8,8.8,NA,15.2,15.9
"ssp370",2098,14.2,2,7.5,13.3,10.9,11.4,12.9,7.7,9.7,NA,10.1,15,10.5,11.4,9.8,10.2,8.8,NA,16.4,16.4
"ssp370",2099,13.2,1.5,6.3,12.4,10.9,13,11.6,6.4,6.6,NA,8.9,15.3,8.9,11.6,10,8.5,10,NA,15.9,15.9
"ssp370",2100,13,3,4,13.6,11.5,9.6,10.9,7.9,10.7,NA,8,16.2,11.4,13,10.1,8.5,10,NA,13.9,16.2
"ssp585",2015,6.7,-1.7,0.8,6.9,6,7.1,7,5,5.9,8.4,4.3,9.3,7.9,8.7,4.7,4.2,5.8,8.5,7.7,9.3
"ssp585",2016,6.7,-5.3,-1.9,7.4,4.8,7.7,7.8,1.5,4.4,7,5.9,8.2,6.5,8.8,5.7,4.3,4.3,8,5.4,8.8
"ssp585",2017,6.6,1,-0.7,6.8,5.4,6.2,7.4,2.6,6.2,6.8,4.1,8,8.2,8.8,4.8,3.2,6.4,5.6,6.8,8.8
"ssp585",2018,8.2,-0.3,3.9,7.2,4.4,7.2,7.2,2.2,6.9,8.1,5.1,8,6.2,8.7,4.2,3.8,3.4,6.6,8.3,8.7
"ssp585",2019,8.3,-1.1,1.2,6.9,6.3,5.7,8.7,5.7,6.2,8.8,4.7,9,7.9,8.4,5.5,3.6,5.6,9.1,7.7,9.1
"ssp585",2020,7.3,-3.7,1,6.9,7.3,6.7,8.1,2.7,5.8,7.9,3.1,9.1,8.1,7.8,3.3,3.7,3.6,10.3,6.8,10.3
"ssp585",2021,8.2,-1.3,3.5,6.5,6.1,6.8,8.3,2.6,6.8,8.2,4.5,8,7.6,8.6,3.9,3.8,0.9,7.3,8,8.6
"ssp585",2022,7.8,-4.4,1.4,6.5,8.3,5.1,6.9,1.4,6.2,7.2,4,8.3,9.1,9.2,6.3,3.7,7.3,9.1,6.8,9.2
"ssp585",2023,8.3,1,1.3,9.1,5.9,8,8.4,0.9,5,8.1,6.3,9.4,8.6,9.2,5.6,4.1,4,5.8,5.6,9.4
"ssp585",2024,7.7,0.3,1.3,7.4,4.8,7.1,6.8,2.7,7,6.6,3.6,10.1,8,9.1,2.8,4,5.3,8,7,10.1
"ssp585",2025,7.9,1.2,2.3,7.1,5.7,6.4,6.4,3.4,5.5,8.3,4.3,9,6.3,8.8,2.9,3.5,6,8.8,7.3,9
"ssp585",2026,8,-1,1.4,7.4,6.3,7.9,7.3,6.8,4.7,7.8,6,8,9.3,10.2,4.8,4.9,6.3,11.3,8.4,11.3
"ssp585",2027,8.9,-1.4,-1.2,7.5,5.7,7.2,8,3.8,9.1,9.6,6,9.4,6,9.7,4.6,4.1,2.9,9.1,6.3,9.7
"ssp585",2028,9.1,-2.7,0.2,8.2,6.6,7.4,9.2,5.3,5.2,9.3,4.3,9.2,7.3,9.6,6.4,4.8,7.3,7.6,8,9.6
"ssp585",2029,7.5,-0.7,4.1,7.7,6.6,7.5,7.4,3.2,5.4,8.6,2.8,8.5,8.6,10.3,6.4,4.8,6.7,9.1,8.8,10.3
"ssp585",2030,9.3,-1.1,2.1,6.8,5.4,7.8,6.8,4.1,7.2,9.4,3.9,8.7,6.5,9.4,7,4.2,5.6,8.9,9.5,9.5
"ssp585",2031,9.5,-3.1,4.6,9,7,6.5,9.8,2.8,5.7,8.9,4.8,10,7.4,9.4,4.8,2.9,5.7,8.1,6.2,10
"ssp585",2032,9.5,0.2,2.2,9.2,5.4,6,8.2,3.7,6.2,8.8,4.2,8.9,5.5,9.4,4.7,4.3,4.8,8.6,8.1,9.5
"ssp585",2033,8.7,-3.7,2,8.9,7.6,7.6,8.1,1.7,6.7,8.6,5.9,8.8,7.4,9.3,6.2,5.5,4.3,10.8,10.4,10.8
"ssp585",2034,8.9,-0.7,3.1,9.9,5.7,6.8,8.4,4.5,6.9,8.6,6,10.8,7,8.6,5.6,4.9,4.2,10.4,7.5,10.8
"ssp585",2035,9.9,-0.1,1.7,7.7,6.6,6.5,7.6,1.7,7.4,8.1,5.8,8.1,9.9,9.6,5.5,7.1,3.8,8.8,8.3,9.9
"ssp585",2036,9.5,0.4,1.4,7.5,6.8,6.6,7.6,3.6,10.9,8,5.8,10.2,8.6,10.5,6.3,2.7,5.3,10.5,9,10.9
"ssp585",2037,10.1,4.1,1,7.9,7.7,7.5,9.4,1.8,7.2,10.3,5.5,10.2,8.4,9.6,9.1,4.8,7.3,9.3,8.5,10.3
"ssp585",2038,10,2,-1.2,7.9,5.7,7.2,8.2,3.7,7.4,7.2,5.7,11,7.8,9.9,4.9,2.9,3.6,8.6,8.9,11
"ssp585",2039,10.3,-2.6,2.9,8.3,6.2,8.2,7.3,3.8,7.6,10,5.9,10.1,8.4,10,5.4,4.1,7.8,8,9.5,10.3
"ssp585",2040,10.4,1.2,5.9,8.5,6.9,8.2,7,4.5,6.7,8.7,5.9,8.8,6.7,9.9,4.3,5.8,6.5,13,10.8,13
"ssp585",2041,10.5,-3.2,-0.6,8,8.6,6.8,6.8,4.9,7.8,8.7,5.2,9.6,8.2,9.9,6.3,4.9,7.7,9.6,10.2,10.5
"ssp585",2042,11.8,-3.1,1.5,9.5,6.4,6.1,8.8,4.9,6.4,10.1,5.1,10.2,8.6,9.8,4.6,5.6,6.8,9.4,9.8,11.8
"ssp585",2043,10.2,-1.1,4.4,9.9,7.1,8.3,6.5,2.7,6.3,7.8,5.1,9.7,8.9,9.7,5.1,5.9,7.4,9.1,8.5,10.2
"ssp585",2044,8.7,1.5,1.6,8.4,7.4,6.5,9.8,4.6,7.3,10.9,6,11.6,8.3,9.5,2.3,4,11,7.8,8.2,11.6
"ssp585",2045,8.9,1,1.8,9,5.7,8.5,9,4.3,7,10,4.1,10.7,7.3,10,6.9,4.9,8.1,10,10.1,10.7
"ssp585",2046,12,-2.7,1.8,8.7,7,8.1,9.7,3.5,6.6,6.5,7.1,10,9.4,10.6,6.2,4.9,7.7,9.8,9.7,12
"ssp585",2047,9.2,-2.4,4.6,9,6.9,8.2,8.6,5,5.5,11.1,7.1,11,8.2,10.7,4.9,5.3,6.8,10.3,9.3,11.1
"ssp585",2048,9.2,0.5,2.9,9,7.2,7.3,9.7,3.4,9.6,8.4,6.4,10.8,10.3,10.4,7.6,5.4,7.6,8.7,11.2,11.2
"ssp585",2049,9.7,-3.1,5.1,9.5,8.5,8.5,8.1,4.4,7,10.4,8.3,12.1,10,9.9,6.2,4.3,3.7,11.4,12.7,12.7
"ssp585",2050,10.5,-0.2,4.3,10.1,6.5,8.6,8,5.4,9,10.6,5.5,11.5,7.1,10.9,6.5,4.6,8.5,10.5,12.7,12.7
"ssp585",2051,11,-0.1,4.6,10.1,7.5,8.4,7.4,5.5,6.6,9.3,6.3,11,8.4,10.8,7.1,5.7,5.9,8.6,10.8,11
"ssp585",2052,9.1,0.9,1.4,9.5,7.6,10.1,7.2,2.1,8.7,10.2,5.5,11,9.2,10.7,6.3,5.5,6.8,9,12.2,12.2
"ssp585",2053,10.3,2.2,3.9,8.5,6.3,8.2,7.3,4.4,5.2,9.2,7.7,11.6,9.1,10.2,5.7,4.8,8,9.8,11.4,11.6
"ssp585",2054,10.6,4.1,2.4,10.6,6.7,8.4,9.3,4.8,9.3,10.4,5.8,11.2,8.8,10.7,7.3,3.8,5.6,13.2,12.3,13.2
"ssp585",2055,11.2,-0.8,3.1,9.8,7.6,9.9,9.8,4.2,5.4,9.6,5.4,11.2,9,10.4,5.9,5.6,6.8,11.3,11.3,11.3
"ssp585",2056,10.5,1.1,3.7,9.8,7.9,9.7,8.9,5,5.9,9.9,7.6,10.9,8.7,11.6,5.8,5.5,7.2,8.7,9.6,11.6
"ssp585",2057,10.2,-1.1,2.9,10.9,8.7,8.2,9,4.7,8.1,10.3,7.7,11.3,10.7,10.2,5.7,6,6.7,8.5,10.3,11.3
"ssp585",2058,10.6,1.6,6.3,9.5,9.9,9.4,9.1,3.9,7.6,11.3,6.7,11.8,7.6,11.6,7,5.2,7.9,10.3,10.4,11.8
"ssp585",2059,10.4,4.1,4.7,10.8,9.4,10.1,10,3.4,7.5,12.5,4.7,13.4,9.6,10.8,6.4,6.1,8,12,10.7,13.4
"ssp585",2060,10.7,3.4,3.8,11.5,9.5,9.5,9.9,6,10.9,10.9,6,10.7,10.3,11.1,3.1,7.6,4.5,9.1,13.1,13.1
"ssp585",2061,12.2,-3.1,5.6,12.9,9.6,8.6,8.3,5.6,7.8,12.6,7,11.3,10.5,11.1,4.2,6.4,8.8,11.4,11.8,12.9
"ssp585",2062,10.5,4.2,2.8,10.7,8.5,9.9,10.1,3.8,7.2,11.1,6.7,12.7,10.7,10.9,5.1,7.1,6.5,9.8,13,13
"ssp585",2063,10.3,2.6,3.8,10.2,9,8.4,10.1,2.8,7.9,11.3,6,13.5,9.9,11.3,5.2,7.5,7.4,10,9.6,13.5
"ssp585",2064,13.6,1.1,2.9,12.1,9,10.1,8.9,4.4,7.4,11.1,7.2,12.5,9.5,11,5.4,6.9,5.3,11.8,13.1,13.6
"ssp585",2065,11.9,-3.1,5,10.8,8.7,10.6,10.9,4.9,8.5,12.5,6.8,12.3,9.7,11.8,7.1,4.6,7.4,13.4,12.3,13.4
"ssp585",2066,11.5,0.4,3.8,10.3,8.6,8.1,11,5.1,9.3,10.1,7.5,11.3,9.7,11.6,3.7,6.2,6.4,13.1,11,13.1
"ssp585",2067,12.6,1.8,3.9,11,10.3,9.5,11,3.8,7.3,12.3,7.1,13.4,7.4,12.1,7.1,4.9,7.3,11.2,11.8,13.4
"ssp585",2068,13.1,2.2,5,10.9,10.9,12.3,8.7,3.2,6.8,13.3,8.6,14.5,10.4,10.7,7.1,6.5,7.8,11.1,12.9,14.5
"ssp585",2069,12.3,2.5,8,11,10.1,9.8,9.9,4.2,7.7,11.5,9.1,13.8,9.6,11.2,7,7.1,6.1,11,13.1,13.8
"ssp585",2070,11.5,2.6,3.3,12.5,9.4,8.9,13,4.4,7.7,11.1,8.1,12.5,10.4,11.4,8.1,5.1,6.7,9.1,11.8,13
"ssp585",2071,13,1.1,5.8,12.2,10.2,11.2,10.7,4.2,8.5,14.3,7.5,13.1,8.9,12,10.3,6.4,8.8,8.8,14.8,14.8
"ssp585",2072,10.6,2.1,4.3,11.8,10.9,9.6,9.1,6.7,10.4,13.7,8.8,15,8.6,11.5,8.8,6.5,7.8,11.9,12.9,15
"ssp585",2073,13.4,2.1,3.5,13.5,9.9,10.7,9.4,6.4,9.2,12.6,7.9,14.3,10.2,12.2,6.2,6.6,9.3,12.1,12.7,14.3
"ssp585",2074,12.9,1.5,3,13.8,11.5,9.8,10.1,6.3,7.8,11.9,5.2,14.4,10.8,12.1,7.4,6.5,7.8,10.7,12.2,14.4
"ssp585",2075,11.5,0.6,3.6,12.5,10.1,9.8,11,7.1,7.6,13.7,10.7,13.7,11.4,12,5.4,10.7,8.7,11.1,12.5,13.7
"ssp585",2076,12.2,2.1,5.7,12.8,9.2,12.1,11.2,5.2,8,12.6,8.3,13.6,10.1,12.3,9.4,6.9,7.1,11.1,13.2,13.6
"ssp585",2077,15.3,0.8,3,12.6,10.1,10.8,12.4,5.6,9.5,10.9,4.5,12.9,9.5,12,9.5,6.8,8.2,11.8,14.4,15.3
"ssp585",2078,12.5,0.1,5,12.1,9.8,10.2,10.8,5.3,10.6,11.1,8.6,12.8,9,12.7,7.7,6.7,8.4,11.1,13.5,13.5
"ssp585",2079,12.6,1.3,5.7,12.6,11.3,10.3,13.5,5.6,8.6,12.3,6.6,13.4,11.8,13.3,4.9,7,6.2,11.9,12.4,13.5
"ssp585",2080,11.9,3,5.4,13.7,10.3,8.1,11.2,5.9,8.1,12.7,8.8,14.7,12.2,12.6,8,7.2,9.1,11.3,13.3,14.7
"ssp585",2081,12.8,4.4,6.4,12.6,10.9,11.6,11.3,5.3,8.1,12.1,7.3,14.2,9.5,12.2,7.5,8,6.3,11.5,13.4,14.2
"ssp585",2082,12.7,4.7,6.3,14.4,11.7,12.1,14.1,5.8,9.3,13,7.9,15.2,10.9,13.6,8.9,6.2,7.8,13.7,14.2,15.2
"ssp585",2083,13.4,4.2,6.4,12.5,10.9,11.9,9.9,5.6,10.3,14.7,7.8,14.7,11.6,12.9,8.6,6.3,11.6,11.7,14.2,14.7
"ssp585",2084,12.3,-1.5,6,12.8,10.8,12.6,11.9,6.5,9.6,13.4,8.4,14.3,10.9,12.3,8.9,7.8,8.8,12.7,13.8,14.3
"ssp585",2085,12.7,2.9,3.6,13,11.5,13.9,13.2,6,9.2,14.1,8.3,15.1,11.7,12.2,7,6.3,9.5,13.8,14.9,15.1
"ssp585",2086,13.4,1,4.4,13,10.4,11.1,11.4,5.8,8.5,14.2,8.5,15.2,10.8,13.6,7.8,8.9,6.7,13.3,14.8,15.2
"ssp585",2087,15.1,-0.5,5.1,13.8,11,13.5,13.8,7.5,8.6,14.5,6.7,15,11.9,13.6,8.8,10.5,9.4,12.6,14.9,15.1
"ssp585",2088,13.5,-0.8,5.6,14.1,12.1,12.1,11.3,5.3,11.8,13.8,9.4,16,10.5,12.7,7.6,6,10,13.2,14.6,16
"ssp585",2089,14.5,5.2,4.8,14.2,12.4,11.5,11.6,5.4,11.6,15.9,6.2,14.7,11.1,13.3,9.4,6.8,8.9,12.2,15.3,15.9
"ssp585",2090,13.5,-3.1,4.6,14.4,12.7,11.8,15.6,8.5,8.7,14,8.2,15.1,9.8,13.7,8.1,7.9,7.7,13.2,16.3,16.3
"ssp585",2091,14.9,1.5,4.9,14,13.2,12.5,13.4,7.8,9.3,15.3,7.5,16.9,11.5,13.3,7.7,6.8,9.6,13.8,16,16.9
"ssp585",2092,13.1,3.8,5.6,12.5,12.3,13.8,14.8,7.5,10.3,13.7,7.5,15.5,12.3,13.6,10.9,6.7,9.4,12.6,15.5,15.5
"ssp585",2093,14.5,2.1,6.7,13.7,12.4,13.1,13.3,6.8,11.1,16,9.5,16.3,11.3,13,8.6,8.5,7.9,14.1,13.4,16.3
"ssp585",2094,15.9,7,5.6,14.4,12.6,12.1,14.4,7.4,10,13.8,4.4,16.7,9.6,13.2,10.4,8.7,9.6,14.6,17,17
"ssp585",2095,14.7,-0.8,5.2,14.6,14.7,12.4,14,5.8,8.5,13.8,6.7,15.1,11.2,13.7,9.3,7.8,8.5,13.1,15.8,15.8
"ssp585",2096,14.9,3.9,5.8,14.2,14.5,11.1,14.4,8.4,6.9,13.4,7.7,16.9,13.2,14.4,8.8,9.5,9.7,14.2,16.8,16.9
"ssp585",2097,16.1,1.9,5.2,14.6,13.1,12,13.2,4.2,9.9,15.5,9.2,16,11.9,13.5,8,7.4,8,14.7,16,16.1
"ssp585",2098,14.8,7.1,7,15.4,13.8,13.7,14,7.8,9.4,13.8,8.5,17.6,11.5,13.5,10.1,9.8,6.5,12.8,15.3,17.6
"ssp585",2099,16.1,6.3,6.6,15.2,15.1,12.5,13.1,6.2,8.8,16.5,8.8,16.6,11.6,13.6,9.8,10.9,9.9,15.5,17.1,17.1
"ssp585",2100,14.5,2.7,6.5,15.3,13.2,13.6,14.6,6.8,10.8,16.3,7.3,17.2,12.6,13.6,8.8,9.4,10.1,13.6,17.4,17.4
