"Year","Tmax01","Tmax02","Tmax03","Tmax04","Tmax05","Tmax06","Tmax07","Tmax08","Tmax09","Tmax10","Tmax11","Tmax12","Tmin01","Tmin02","Tmin03","Tmin04","Tmin05","Tmin06","Tmin07","Tmin08","Tmin09","Tmin10","Tmin11","Tmin12","PPT01","PPT02","PPT03","PPT04","PPT05","PPT06","PPT07","PPT08","PPT09","PPT10","PPT11","PPT12","Tave01","Tave02","Tave03","Tave04","Tave05","Tave06","Tave07","Tave08","Tave09","Tave10","Tave11","Tave12","Tmax_wt","Tmax_sp","Tmax_sm","Tmax_at","Tmin_wt","Tmin_sp","Tmin_sm","Tmin_at","PPT_wt","PPT_sp","PPT_sm","PPT_at","Tave_wt","Tave_sp","Tave_sm","Tave_at"
1979,-18.960749230018,-21.7949770413912,-2.61374441293567,1.19990915151745,4.6876408503606,10.0914961594802,15.3365689791166,17.3924799992488,9.45338651216949,2.59376267653247,-4.17353280874397,-12.1577627328726,-24.570793738732,-28.236784010667,-9.99644235464241,-8.18397287222053,-3.0936323899489,1.30313439002406,6.59414226825423,6.35555185171276,2.02043762207033,-3.81170278695911,-11.58544921875,-18.9034826425405,35.6971031054854,46.7916705324359,69.5439856324811,19.9707688051813,64.1548050898843,90.6022196510233,126.958731379217,28.192079562667,94.9069866015074,78.0514876852976,64.8129217599769,103.29066292929,-21.765771484375,-25.0158805260291,-6.30509338378904,-3.49203186035154,0.797004230205851,5.69731527475212,10.9653556236854,11.8740159254808,5.73691206711991,-0.608970055213319,-7.87949101374698,-15.5306226877066,-17.6378296680939,1.09126852964746,14.2735150459485,2.62453879331933,-23.9036867973132,-7.09134920560395,4.75094283666368,-4.45890479454625,185.779436567212,153.669559527547,245.753030592907,237.771396046782,-20.7707582327036,-3.00004033797824,9.51222894130611,-0.917183000613461
1980,-18.6364597027118,-8.40185899000899,-5.70020376352161,2.73520859938404,7.69539677546577,14.411430476262,13.8804107666016,11.9984513502855,6.68993459848259,2.67767380934497,-4.73929912860575,-19.9350169255183,-24.9942707942082,-15.6501657339243,-14.0228184626653,-5.29225229116584,-1.4826470008263,4.68211975097659,5.88774367112382,3.53910358135519,-0.485382784329905,-3.58412405160755,-10.2338536189152,-26.2062172522912,47.5286781111768,46.237624047745,51.9533264370134,70.2737506496935,58.7244459929375,87.5030206919361,135.578806006099,79.9884216107715,109.841676303544,127.323856431758,92.7157729120853,88.4842587733426,-21.81536524846,-12.0260123619666,-9.86151111309343,-1.2785218458909,3.10637488731973,9.54677511361931,9.8840772188627,7.76877746582033,3.10227590707634,-0.453225121131288,-7.4865763737605,-23.0706170889047,-13.0653604751978,1.5768005371094,13.4300975310497,1.54276975974061,-19.8493063902243,-6.9325725848858,4.70298900115187,-4.76778681828423,197.056965088212,180.951523079644,303.070248308806,329.881305647387,-16.4573334327111,-2.6778860238882,9.06654326610078,-1.61250852927181
1981,-6.65397315392125,-7.99826026329625,-1.74356736403243,-1.70470792330226,8.18591965895435,10.4639824500451,15.9431884765625,15.9396634615385,8.27796677809497,0.0404059776893257,-6.56733234112077,-16.5774227435772,-11.3858069786659,-14.9747321495643,-10.2557347224309,-9.03292025052582,-0.839694213867165,1.70492013784558,6.23528817983776,6.13801034780651,0.906090369591369,-5.93747605543868,-12.2273033728966,-22.003642977201,67.7220134395891,51.6546227677072,48.6604538461856,76.3160119263025,67.8343058192135,101.62289125415,54.4944462809676,105.432786721772,107.967495945139,99.6063831611536,91.7327117013674,41.9608699999606,-9.01989006629355,-11.4864962064303,-5.99965104323165,-5.36881408691404,3.67311272254359,6.08445129394533,11.0892383282001,11.0388369046725,4.59202857384317,-2.94853503887468,-9.3973178570087,-19.2905328603891,-11.5290834475786,1.57921479053989,14.1156114627154,0.583680138221175,-17.5222521268404,-6.70944972894129,4.69273955516328,-5.75289635291464,207.860894980639,192.810771591702,261.55012425689,299.30659080766,-14.5256677872095,-2.5651174692007,9.40417550893932,-2.58460810734673
1982,-24.4094111515925,-14.6191223144531,-6.36127131535454,-1.50201462965743,4.53321861853969,14.1909740741436,17.0887812687801,12.9895444429838,10.4705047607422,0.5586369441106,-11.5767728365384,-13.243364070012,-30.4227161114032,-21.2271966787485,-14.4390191885141,-9.5294248140775,-3.23892798790563,3.45837214543272,7.45789395845856,4.38799602801985,1.71593064528247,-6.35126460148736,-17.9151077270508,-17.8816950871394,68.6696809116536,37.8308764507752,38.4200828902137,52.8249658572559,60.8439431525767,36.5534597132445,73.6299307009456,98.0321848173984,71.070889951303,105.362937363008,48.2592002237932,42.7660285790737,-27.4160636314979,-17.9231594966008,-10.4001452519343,-5.51571972186747,0.64714531531703,8.82467310978818,12.2733376136193,8.68877023550182,6.09321770301234,-2.89631382868838,-14.7459402817946,-15.5625295785757,-18.5353187365409,-1.11002244215743,14.7564332619692,-0.182543710561881,-24.5511852557842,-9.06912399683241,5.10142071063704,-7.51681389441855,148.461427362389,152.088991900046,208.215575231588,224.693027538104,-21.5432519961626,-5.08957321949492,9.9289269863031,-3.84967880249021
1983,-12.7200089674729,-8.85887122521032,-5.73075444148135,2.38386864295375,7.29434744027947,13.1910956749549,14.1799253023588,12.2126816969652,5.7304875300481,-0.0158468393178861,-9.48537574181188,-20.7215469360351,-18.5911837064303,-15.6090813269982,-15.4008304302509,-6.22678480881909,-1.47941800631007,4.37849989670976,5.62041649451625,3.98840214655952,-2.04789639986476,-6.99916147085334,-15.5593106783353,-26.5714389507587,69.4381584552153,37.8179411941136,20.1871518473266,45.1877477014652,61.6866259392387,105.74622446886,128.399415784336,94.118543014002,91.8835439952091,84.0738048051627,22.8934298121693,12.0322671613114,-15.6555963369516,-12.2339762761042,-10.5657924358661,-1.92145808293267,2.9074647169847,8.78479778583235,9.90017089843752,8.10054192176234,1.84129556509167,-3.50750415508561,-12.5223432100736,-23.6464929433969,-11.6074147542318,1.31582054725062,13.194567558093,-1.25691168369389,-17.3606533735226,-7.70234441512668,4.66243951259518,-8.20212284968447,150.022128228403,127.061525488031,328.264183267199,198.850778612541,-14.4840340638772,-3.19326193393803,8.92850353534407,-4.72951726668918
1984,-10.0498539851262,-6.17467393141524,-1.13764085036055,1.77779869666469,5.3913773756761,10.2651862511268,13.7982299804688,13.4456829364483,6.6330512413612,-1.91897911658652,-11.7925673264723,-17.7913612952599,-16.2875056340144,-12.3387028620793,-8.82575542743387,-6.16538884089541,-2.74042499248796,1.87942457932695,4.58082134540267,4.64083298903247,-1.06927278958832,-8.65156531700719,-18.4305705143855,-24.5543386606069,95.6004060983944,76.0025568167084,44.8482822287658,48.3879992075694,68.879789404589,97.5251265514929,81.8035076676796,109.412202020534,69.2444477821342,90.9877136358633,49.2833354935731,57.538280771293,-13.1686798095703,-9.25668839674728,-4.98169813889721,-2.19379507211536,1.32547619159407,6.07230541522688,9.18952566293571,9.0432579627404,2.78188922588644,-5.28527221679685,-15.1115689204289,-21.1728499779334,-12.3153582841922,2.01051174066008,12.5030330560146,-2.35949840056589,-18.3992158156175,-5.91052308693908,3.7003596379207,-9.38380287366033,183.635230076414,162.116070840924,288.740836239706,209.515496911571,-15.3572870499048,-1.9500056731395,8.10169634696767,-5.87165063711311
1985,-6.97045335036055,-12.287855881911,-4.96998877892125,-0.513622812124376,5.4844435471755,10.5044689471905,15.5329568716196,12.6787696251503,7.92029794546276,-2.08792372483471,-17.2690555279071,-8.38391207181488,-11.8918520413912,-18.7812258206881,-12.409319129357,-8.22763202373796,-2.63272611177882,0.827490938626826,5.7355661245493,4.1196735088642,0.415559269831753,-8.61911409818207,-24.8208615816556,-13.3241895235502,97.0628743530072,79.8048041234814,60.5214016588154,58.0258852748487,62.5104768944976,61.5424902241032,85.0644774636469,79.0095552340902,104.411313355041,78.741261932569,36.4952484736792,75.7076867797878,-9.43115269587588,-15.5345408512996,-8.6896539541391,-4.37062741793117,1.42585871769834,5.66597994290867,10.6342614980845,8.39922156700723,4.16792860764726,-5.35351891150839,-21.0449585547814,-10.8540507976825,-12.3498901758438,0.000277318709957989,12.9053984813201,-3.81222710242636,-18.4091388408954,-7.75655908829125,3.56091019068011,-11.0081388033353,234.405959247782,181.057763828162,225.61652292184,219.647823761289,-15.3795145083696,-3.87814088479064,8.23315433600012,-7.41018295288084
1986,-9.65624671349157,-11.808657836914,-2.75358933668868,-1.37268888033351,4.82841820350062,11.3518038236178,14.9769822340745,13.2812098576472,8.57108576847959,2.82946401742791,-10.4162614088792,-8.66647127591645,-14.6105270385742,-19.5693698589618,-10.5538508488582,-9.58981065016525,-3.24284996619589,1.53656123234678,6.19059307391829,4.10682537372298,0.00448537973259476,-3.00125239445611,-17.4842436570387,-13.7329513549804,81.1519598248057,43.9912140659894,79.0344306679729,60.8279074300439,63.6981875752099,56.1736017519322,123.54414984763,72.0723162967121,72.927389249134,131.872743193526,77.9313700488554,72.0159595984464,-12.1333868760329,-15.6890138479379,-6.65372009277342,-5.48124976524938,0.792784118652366,6.44418252798229,10.5837876539964,8.69401761568511,4.28778557410609,-0.0858941885141002,-13.950252532959,-11.1997113154484,-9.94960554074017,0.234046662159478,13.2033319717799,0.328096125676103,-15.8346954736954,-7.79550382173977,3.94465989332935,-6.82700355725409,200.850860670583,203.560525673227,251.790067896274,282.731502491515,-12.8921505072178,-3.78072857979014,8.57399593255461,-3.24945371578899
1987,-10.3326150747446,-6.96930354191704,-7.15031010554385,1.42387883112983,5.72574251615086,10.8119793231671,15.9568504920373,13.4133551964393,8.20565255972057,1.91105229304389,-4.85177377554084,-10.3270071176382,-15.6846052903395,-13.1545858529898,-15.7992941049429,-6.37311917818507,-2.27571998009313,1.61534799429089,6.74650996281553,4.30670306865988,1.44552330603969,-4.54194570688099,-10.8488842303936,-15.5584051278921,73.5796166404795,57.6028705774941,48.6374051762351,59.0108500775666,82.0805135568103,103.145084630411,111.100379185071,82.716039632662,124.16909446116,103.588608649219,99.3661222836146,65.6647765355256,-13.008610182542,-10.0619446974534,-11.4748021052434,-2.47462017352762,1.72501126802887,6.21366365872899,11.3516802274264,8.8600291325496,4.82558793288013,-1.31544670691855,-7.85032900296723,-12.9427061227652,-8.65612996419269,-0.000229586087719132,13.3940616705479,1.75497702574121,-14.1907141661032,-8.14937775440703,4.22285367525543,-4.64843554374497,203.19844681642,189.728768810612,296.961503448144,327.123825393993,-11.423422065148,-4.07480367024738,8.80845767290166,-1.44672925900188
1988,-15.6005710308368,-9.22286517803484,-2.52211092435394,2.17496713491589,6.60925832895134,11.778890991211,12.532508967473,13.7021324744591,7.76689194899341,1.680268742488,-8.34448429987979,-12.2506772554838,-21.005886723445,-16.3799844595102,-10.2620556171124,-6.03411560058592,-1.8677537184495,3.07460561899041,4.83567739633416,5.17853017953728,-0.194607074444088,-5.03591214693507,-13.7712266188401,-17.5715120755709,53.8485203851731,72.7704929781724,66.8045631193448,56.295192352711,89.1682716113372,92.5985347891513,153.091184164469,82.5424715679569,86.4382197256558,106.385372396415,92.1294450168856,77.6938108024366,-18.3032288771409,-12.8014248187725,-6.39208327073315,-1.92957423283501,2.37075230525092,7.42674830510068,8.68409318190356,9.44033132699822,3.78614243727466,-1.67782170222354,-11.05785545936,-14.9110946655273,-11.71681444217,2.0873715131711,12.6711774777144,0.367558797200542,-17.6480921036158,-6.05464164538259,4.36293773162062,-6.3339152800731,192.283789898871,212.268027083393,328.232190521577,284.953037138957,-14.6824532728929,-1.98363506610575,8.51705760466749,-2.98317824143628
1989,-14.8744624211238,-13.3309969388521,-8.22367952786957,3.0945979191707,7.89373051570014,14.6198845496545,17.0435154841497,16.8225405179537,10.6279792198768,0.305656315730191,-9.5300093430739,-8.23692744328423,-20.9720318134014,-21.1313971886268,-16.759507047213,-6.20247685359072,-1.27344876802882,4.4987980769231,7.65681668795074,7.36982093224161,2.52453331580531,-6.72824307955226,-15.3665320763221,-13.3863027719351,110.019900547251,6.72859989268685,41.63523644988,23.9070923506426,55.8106117572886,68.8764119807344,101.490053083175,72.5539495680445,81.2915669252666,100.296017543699,97.5398160248565,98.1870613526553,-17.9232471172626,-17.2311970637395,-12.4915932875413,-1.55393946721001,3.31014087383566,9.55934131328878,12.3501660860502,12.0961807250977,6.57625626784107,-3.21129338191104,-12.448270709698,-10.8116151076097,-13.4853788718199,0.921549635667088,16.1619801839193,0.467875397511036,-19.8916470258664,-8.07847755627752,6.50847856570515,-6.52341394668968,194.442311242374,121.352940557811,242.920414631953,279.127400493822,-16.6885129488431,-3.57846396030522,11.3352293748122,-3.02776927458932
1990,-14.1722771277794,-13.1345613919772,-2.72023667555587,2.05422504131613,7.12681673490086,12.7272357647236,16.9999084472656,15.9544055645283,10.1234872671274,-2.05489290677582,-14.4327426616962,-15.6388676570012,-19.3547779963567,-20.193951181265,-10.8513268103966,-6.31344651442305,-1.65604600172774,3.76381084735579,6.87109257624702,6.7205270620493,2.48262047400844,-9.30126624474157,-20.8022584181565,-22.2550857543945,60.2495957976386,62.1237388405671,46.5186109352194,34.4683317189965,84.3903032516559,79.8978998254125,74.6350792370952,66.2969288268449,79.7028655719119,99.0166733077226,71.8507558967058,95.9350340059385,-16.763527562068,-16.6642562866211,-6.78578174297624,-2.12961073655346,2.73538536658656,8.24552330603968,11.9355005117563,11.3374663132888,6.30305387056793,-5.67807957575869,-17.6175005399264,-18.9469767056979,-11.8479219876803,2.15360170022037,15.2271832588392,-2.12138276711487,-17.6450106498522,-6.27360644218247,5.78514349521737,-9.20696806296322,220.560395990861,165.377245905872,220.829907889353,250.57029477634,-14.7464663187663,-2.06000237098105,10.5061633770283,-5.66417541503904
1991,-15.7690387432392,-5.08546870304986,-5.48407123272233,2.82718646709738,7.73419518103968,13.7048133263221,13.9742511455829,13.6596381554237,8.94132620004509,-1.83592576246993,-7.77381075345551,-9.61795231745791,-21.5402147733248,-11.7131713867187,-13.4704378568209,-5.70024625338039,-1.45367196890022,3.87010803222659,5.51509962815507,4.86427424504209,2.10749910794774,-9.17921940730167,-13.2683590228741,-14.5582195575421,51.6584716699212,75.6424135839692,39.2083766760502,35.7287113192097,57.0541173801757,81.1729685564597,92.9632968287199,104.141216200347,109.783601776983,114.797026609393,103.251034277491,140.834613897515,-18.654626758282,-8.3993200448843,-9.47725454477161,-1.4365298931415,3.14026160606973,8.78746067927436,9.74467538686901,9.26195620023289,5.52441265399642,-5.5075725848858,-10.5210848881648,-12.0880859375,-12.1644583677634,1.69243680513824,13.7795675424429,-0.222803438626782,-18.5028239714794,-6.8747853597005,4.74982730180792,-6.78002644074267,223.235919259829,131.991205375436,278.277481585526,327.831662663868,-15.3336411696214,-2.59117427728113,9.26469742212542,-3.50141493968473
1992,-9.06498178335335,-9.50971092810996,-2.00992196890022,0.908783428485599,4.29059753417971,12.8940342829778,15.2571432260367,14.3847017728366,3.79515427809497,-2.24347252478964,-7.01655062161957,-17.9719665527344,-13.6954999483549,-15.9428854135366,-10.1098660982572,-6.92469435471753,-3.44596252441404,2.86165818434497,6.03793687086841,4.56255821814906,-3.455473445012,-8.95767939640923,-12.310792189378,-24.050850384052,92.1446465815489,57.1894494363313,54.7122844844125,65.2904432768432,62.6961311231403,37.5668501521711,57.3801724052128,67.8910844574253,137.393219844223,82.7521581695272,83.8788346132228,61.9539347813071,-11.3802408658541,-12.7262981708233,-6.05989403357871,-3.00795546311596,0.422317504882834,7.87784623366137,10.6475400484525,9.47362999549281,0.169840416541489,-5.60057596059944,-9.66367140549878,-21.0114084683932,-9.39754834297374,1.0631529979217,14.1786264272837,-1.82162295610475,-14.7322016398112,-6.82684099246292,4.48738442445415,-8.24131501026641,290.168709915396,182.698858884396,162.838107014809,304.024212626973,-12.0648749913925,-2.88184399727061,9.33300542586891,-5.03146898318558
1993,-15.5276491605318,-8.75381047175479,-3.93552152193507,3.12243394118091,9.96075908954328,13.1715125450721,14.5183448204628,14.8307384784405,9.90602158766528,3.80769089918872,-6.2039360633263,-9.42566997821513,-21.5732066227839,-16.3363346980168,-12.7875021127554,-5.08967097355767,0.0775174654447343,4.33843242938704,5.89621229905351,5.51768352801986,1.74341008112983,-3.02928185096152,-12.5479510967548,-14.4436725323017,78.8395000274669,76.4939750827929,38.2136281194667,34.0813907566301,53.3172757915544,117.271347831075,99.6731404358378,61.9092425568782,81.2986392500953,107.768154040409,104.240079105903,78.8906569892648,-18.5504278916579,-12.5450725848858,-8.36151181734524,-0.983618516188379,5.01913827749401,8.75497248722959,10.2072785597581,10.1742110032302,5.82471583439756,0.389204524113604,-9.37594358004055,-11.9346712552584,-14.084475395007,3.04922383626304,14.1735319479918,2.50325880784257,-20.6534639016176,-5.93321854028945,5.2507760854868,-4.61127428886216,217.287409891567,125.612294667651,278.853730823791,293.306872396407,-17.3689696483123,-1.4419973520132,9.7121540167393,-1.0540077405098
1994,-14.4678389329177,-18.5342641977163,-1.84582237830527,2.74243915264425,6.42974806565507,12.2061302771935,16.1850736177885,18.4934394249549,7.41367492675783,0.431674429086561,-11.5027263934796,-14.1106459397536,-19.4129866379958,-25.1211213331956,-9.44156071589541,-5.22852313701921,-2.18637765737678,3.38290663499101,7.04763300969053,8.14817129281853,0.669941124549302,-6.08382357083832,-18.2459600595327,-19.9254177386944,79.6793729093714,29.6189287724421,67.3405863700631,47.4417965966635,51.5551745846796,79.1891658804021,128.82792485448,68.0768790296637,143.525245581539,97.972455091076,74.2019140430225,59.8312050968301,-16.9404127854567,-21.827692765456,-5.64369154710034,-1.24304199218748,2.12168520413914,7.79451845609227,11.6163533137395,13.3208053588867,4.04180802565357,-2.82607457087588,-14.8743432265061,-17.018031839224,-14.142591036283,2.44212161333135,15.628214439979,-1.21912567921172,-19.659260167831,-5.61882050343047,6.19290364583335,-7.88661416860725,188.188958671078,166.337557551406,276.093969764546,315.699614715637,-16.900925602057,-1.58834944504956,10.9105590429062,-4.55286992390949
1995,-12.9571952232948,-10.3302598219651,-5.96998666616584,2.7077326847957,10.2712151160607,15.2474905160757,14.3976893498348,11.7648341252254,13.0351200984075,-0.142365206204905,-11.4973095233624,-15.892786348783,-18.0935587956355,-17.8666052011343,-14.7701891385592,-6.00501826359673,-0.248382803109953,5.15780404897839,6.22230248084437,3.55723900428187,3.56583627554089,-6.77784048227161,-16.9691889836238,-20.3881030742938,23.7463496084764,51.1824157167351,44.2779675000705,31.5317979369026,34.330202385228,78.4960723920869,105.332440703821,99.1968468628609,55.8694890440585,71.6199153152187,83.7059686264883,57.7999681798526,-15.5253770094651,-14.0984325115497,-10.3700879023625,-1.64864278940052,5.01141615647538,10.2026472825271,10.3099959153396,7.66103656475362,8.30047818697418,-3.46010284423826,-14.2332492534931,-18.1404447115384,-12.4660336616712,2.33632037823019,13.8033379970453,0.465148456280067,-18.6285272451547,-7.00786340175529,4.97911517803488,-6.72706439678484,134.759970422042,110.139967822201,283.025359958768,211.195372985765,-15.5472804534129,-2.33577151176255,9.39122658754008,-3.13095797025239
1996,-22.915635563777,-8.61240398700419,-6.01435617300178,0.521699641301104,4.56834059495194,11.255129300631,14.5238973764273,12.5677492581881,6.97880601149341,-1.56981670673075,-13.6230060283954,-18.9376768845778,-28.5847361637996,-15.3813336885892,-14.4215905996469,-7.48313035231368,-4.12479999248796,2.02112755408656,5.46057410606973,4.48036804199221,-0.795790921724737,-8.88520390437198,-19.9410555326021,-24.566495337853,52.3382680996572,75.0564774712145,59.3355177350951,49.9376665953045,41.8706425248484,81.4817053749441,96.3123858991401,107.454326494525,84.8742713883089,83.3893713666699,37.8891872667457,43.862668883342,-25.7501858637883,-11.9968688377967,-10.2179733863244,-3.48071535550629,0.221770301231993,6.63812842735879,9.99223574124852,8.52405865009016,3.09150754488434,-5.22751030555136,-16.7820307804988,-21.7520861112154,-15.8069419665214,-0.308105312249577,12.7822586450821,-2.73800557454425,-21.4513909755609,-8.67650698148285,3.98735656738284,-9.87401678623295,185.194713750724,151.143826855248,285.248417768609,206.152830021725,-18.6291664710411,-4.49230614686622,8.38480760623249,-6.3060111803886
1997,-16.4939503596379,-6.30108102651741,-8.03345407339241,1.75113924466649,6.98455341045675,12.9853226881761,14.6790658804087,15.2197244497446,9.65577885554389,-2.26790419358471,-7.56438082181488,-7.96480525090142,-22.8327440701998,-12.2758817232572,-15.7038306603065,-7.12957388070911,-1.78368342472954,3.7974304199219,6.03579594538764,5.96263404259317,1.80247661884017,-9.14108511117787,-12.9184606698843,-12.923135141226,49.9625649336779,66.0782657797636,54.7066629953826,54.7663338455515,50.7303399333838,120.141101875701,110.731740073802,106.542216559711,93.5552098224154,98.1349204380352,41.9664145016353,114.490224238342,-19.6633472149189,-9.2884813748873,-11.8686423668494,-2.68921731802131,2.6004349928636,8.391376554049,10.3574309128982,10.5911792461689,5.72912773719203,-5.70449465238129,-10.2414207458496,-10.4439701960637,-13.910902756911,0.234079527243611,14.2947043394431,-0.0588353866185677,-19.89170704377,-8.20569598858171,5.26528680263424,-6.75235638740733,159.903499596784,160.203336774318,337.415058509214,233.656544762086,-16.9013049003405,-3.98580823066905,9.77999557103868,-3.40559588701295
1998,-18.3861697857196,-7.18773545485274,-4.52846280611476,1.45980694110579,9.87850670447718,14.8431067833534,16.1254760742188,13.5005103478065,8.17666813777045,-0.301410381610554,-9.58872258112979,-15.4724536602314,-23.1986103938176,-13.8380190335787,-13.1254842904898,-6.2985163762019,0.0560067983774266,5.31766005295976,7.25723501352166,4.75052161583536,0.393715022160479,-6.51387939453123,-15.3692256047175,-20.9439663226788,32.7470095868473,30.6673389376486,32.1810513913918,56.4944426027628,45.2744022340854,68.1742061278783,92.039100160876,82.3985580175828,76.9372926801085,117.783941326735,29.420828316898,58.5730832943227,-20.7923900897686,-10.5128772442157,-8.82697354830227,-2.41935471754805,4.9672567514273,10.0803834181566,11.6913555438702,9.12551598182093,4.28519157996547,-3.40764488807089,-12.4789740929237,-18.2082099914551,-11.1795701638246,2.26995027982274,14.8230310684595,-0.57115494165663,-16.6532548562074,-6.45599795610475,5.77513889410559,-7.16312999236276,177.904572762838,133.94989622824,242.611864306337,224.142062323741,-13.916412510016,-2.09302383814101,10.2990849812826,-3.8671424670097
1999,-15.5603949913612,-11.266713303786,-4.71228989821212,0.824281897911681,3.84980374849762,11.4138639009916,14.8019981971154,14.9051685039814,8.01368243877707,0.346294931265047,-8.08304067758411,-9.03558983435996,-21.315628521259,-17.8777096088116,-12.8011035625751,-6.86586209810695,-3.30803926908051,2.37612398587743,5.40862708458536,5.62718693659858,0.908584829477186,-5.80934283916765,-13.4666946411133,-13.8806203988882,78.4545590657777,46.279247819061,41.6508367766465,63.2408129481169,93.0518373838053,80.5281580407889,73.6265580407165,75.3956866987909,92.7911211038008,122.207605970414,82.7543254753647,111.343234068213,-18.4380117563101,-14.5722114562988,-8.75669673039361,-3.02079010009763,0.270882239708556,6.89499394343451,10.1053126408504,10.26617772029,4.46113363412713,-2.7315239539513,-10.7748676593487,-11.4581051166241,-14.0998539851262,-0.0127347506009391,13.7070102006961,0.0923122308193329,-20.0457681509164,-7.65833497658752,4.47064600235379,-6.12248421693457,183.306890179161,197.943487108569,229.550402780296,297.75305254958,-17.0728110680213,-3.83553486359423,9.08882810152496,-3.01508599305762
2000,-16.8121315589318,-8.47833956204926,-3.62877056415262,-0.129448054386997,4.4388122558594,11.0146329439604,14.3716484656701,11.8176044170673,7.72784963754509,-0.0688415527343521,-6.02375652606668,-13.6503198476938,-22.4345163198618,-15.6775601900541,-10.9837038480318,-7.94949904221753,-3.18596567007209,2.09419978215147,5.92816068209137,3.96686002291168,0.116486534705552,-6.9819143442007,-11.6046168400691,-19.2615237896259,55.459681305309,24.1827190903468,62.6328883652325,58.8213919993275,60.355563068655,61.5431699776449,98.969170741307,121.616771924668,110.060240580844,89.4995264977646,70.9395069033445,61.2583980559765,-19.6233239393968,-12.0779498760517,-7.30623720609223,-4.03947354830226,0.626423292893652,6.55441636305591,10.1499045738807,7.8922322199895,3.92216808612532,-3.52537794846753,-8.81418668306789,-16.4559218186598,-11.442020318447,0.22686454577326,12.4012952755659,0.545083852914685,-17.3308989696013,-7.37305618677382,3.99640682905151,-6.15668154985475,190.985634463868,181.809843433215,282.12911264362,270.499273981953,-14.3864596440242,-3.57309582050028,8.19885105230871,-2.80579884847003
2001,-7.88039386455827,-10.6968088003305,-5.72573500413159,0.619837834284879,3.986616398738,10.7051438551683,13.5188314584585,14.5774719238281,8.06458951509918,-0.587367835411636,-9.32643573467546,-14.6600016667293,-12.5805529080904,-18.5380306537335,-13.4225116436298,-7.76902841421272,-3.23662038949817,1.93732041579029,5.25887662447418,5.65760192871096,0.70073429987983,-7.09011981670671,-14.812399996244,-19.7535473163311,85.0537960820545,49.2866712697343,60.3817040100693,45.3230748311258,79.8751461319625,117.015381970514,100.114719463118,83.9371989767712,103.985065585361,88.8604868767568,62.3381324694492,71.6585635762805,-10.2304733863244,-14.617419727032,-9.57412332388069,-3.57459528996392,0.374998004619914,6.32123213547928,9.38885404146636,10.1175369262695,4.3826619074895,-3.83874382605917,-12.0694178654597,-17.2067744915302,-10.7425075041942,-0.373093590369569,12.9338157458183,-0.616404684995973,-16.7933691171499,-8.14272014911356,4.28459965632514,-7.06726183769029,195.598865407765,185.579924973158,301.067300410404,255.183684931567,-13.7679383106721,-4.25790686974157,8.60920770107173,-3.84183326134313
2002,-12.1151601938101,-9.31055485652041,-9.94829383263219,-1.91696683443507,4.7228219839243,12.983286696214,12.799811730018,11.9351806640625,7.13582035945014,1.85542860764726,-3.94747220552882,-9.97012822077823,-17.2286383995643,-16.1251471886268,-18.2059849665715,-10.7029268704928,-3.99783959021933,3.37460914024942,4.90024179311901,4.44204758864185,-0.109136258638799,-4.54943096454325,-10.0532437838041,-15.3822314922626,56.8487871209912,61.6596004426426,32.1917325370193,26.1981353463713,54.8327283132284,72.0070281263011,126.173951284279,108.176143991295,78.5189220377316,77.2072579890776,82.4632695428311,48.1948420122185,-14.6718992966872,-12.7178510225736,-14.0771393996018,-6.30994685246393,0.362491196852486,8.17894791823169,8.85002676156853,8.18861412635218,3.51334205040567,-1.34700117844799,-7.00035799466645,-12.6761798565204,-12.0285722390199,-2.38081289438099,12.5727596967648,1.68125892052286,-17.7024443015074,-10.9689171424279,4.23896617400343,-4.90393700232871,190.166951139914,113.222596196619,306.357123401876,238.18944956964,-14.8655082702637,-6.67486501840443,8.40586293538413,-1.61133904090292
2003,-11.2778644268329,-8.94877812312197,-6.82675076998195,1.08363577035759,5.09512962928187,11.5845430814303,15.5010453444261,13.6735931396484,6.80120661808896,3.08833993765026,-9.51403010441705,-11.3165400578425,-16.8720468374399,-15.5640790499174,-14.9713783851037,-7.73608351487378,-3.84239314152642,2.7821969839243,6.53293269230771,4.29865300105171,-0.235629976712718,-4.53280404897834,-16.5395034790039,-16.5060229961689,100.712861730538,32.9078576415038,59.1941336868331,29.0852984863495,49.3357525627989,92.5888775740392,93.1451567556136,74.8872098172657,110.39223406428,78.5474564351786,71.0038380974975,90.4953990731603,-14.0749556321364,-12.2564285865197,-10.8990645775428,-3.32622387225809,0.626368243877727,7.1833700326773,11.0169890183669,8.98612307035008,3.28278832068812,-0.72223205566404,-13.0267667917105,-13.9112815270057,-10.065590256911,-0.215995123447493,13.5863938551683,0.125172150440726,-15.9394524598733,-8.84995168050128,4.53792755909457,-7.10264583489832,181.81556138426,137.615184735981,260.621244146918,259.943528596957,-13.0025213583922,-4.53297340197439,9.06216070713143,-3.4887368422288
2004,-16.1733680138221,-5.99292367788459,-3.80369450495791,2.38475506122298,8.6186722975511,17.4096456674429,16.5271653395433,15.6695239727314,5.92939828725964,1.12416053185098,-5.34720975435695,-9.69861919696513,-21.9046443058894,-12.7254448523888,-11.4411484938401,-5.62789823091945,-0.660010704627381,6.83584336500904,7.83894207294173,6.30889258751505,-0.658877798227141,-5.29914550781248,-11.1452275202824,-16.4388033353365,70.6660637166351,46.2673376541016,83.4132631600369,55.4399780141046,51.8300723425525,69.2855220359678,117.702005568068,73.7713149157711,117.457133843205,82.3818332278349,97.7752445167146,117.911974092175,-19.0390061598558,-9.3591842651367,-7.62242149939902,-1.62157158484823,3.97933079646186,12.122744516226,12.1830537062425,10.9892082801232,2.63526024451625,-2.08749248798075,-8.24621863731969,-13.0687112661508,-11.1609439165164,2.39991095127206,16.5354449932392,0.568783021584558,-17.045370718149,-5.90968580979565,6.99455934182194,-5.70108360877402,207.428800443897,190.683313516694,260.758842519807,297.614211587755,-14.1031573173327,-1.7548874292618,11.7650021675306,-2.56615029359473
2005,-14.9086603017954,-7.45745403583231,-2.40664250300479,2.91094571627106,10.5135875995343,13.7742692213792,13.1034414438101,13.9887967623197,7.77746605506312,1.20111154409558,-5.19889761117786,-8.84710129957931,-20.9780427199143,-14.2187144352839,-9.95163269042967,-5.47132333608772,0.144126070462763,4.50705918532154,5.39720505934497,5.47339782714846,1.00615985576925,-4.63514169546272,-10.3053001990685,-14.2311089148888,90.4627931931127,66.5655856333055,62.0180215023888,46.1820969313312,50.9321565363699,111.006442815639,108.936329880873,92.9195884391307,89.9312945637995,87.9402253817086,118.665150169713,62.0887137000234,-17.9433515108549,-10.8380842355581,-6.17913759671723,-1.28018880990833,5.32885683499852,9.14066420335038,9.25032325157754,9.73109729473409,4.39181295541619,-1.71701507568357,-7.75209890512318,-11.5391051072341,-10.6882445115309,3.67263027093351,13.622169142503,1.25989332932695,-17.2118534968449,-5.09294331868487,5.12588735727166,-4.64476067958732,274.940352918594,159.13227497009,312.862361135642,296.536670115221,-13.9500490041879,-0.71015652387568,9.37402824988734,-1.69243367513019
2006,-11.8000345083383,-9.55999544583832,-7.87174799992486,1.4771918663612,6.553852726863,13.5612370417668,15.0401127741887,11.8668529803936,8.88205402080831,1.7758251483624,-15.7957236656776,-8.68161175067606,-17.5278441209059,-17.5419237576998,-16.6186235868014,-6.66389394906849,-1.7922912597656,3.72115971491889,6.21360802283656,4.08255286583536,1.50179818960339,-4.25711247370791,-21.9049949059119,-14.7199016864483,68.1766635483095,42.7034344169302,43.944042365407,59.3341393978335,97.5651674966614,74.6304726657959,91.3765901798168,94.0967590395862,104.949765981963,87.3481266612473,59.2315898617156,113.706569709869,-14.6639393146221,-13.5509596017691,-12.2451857933631,-2.59335104135364,2.3807807335487,8.64119837834287,10.6268603985126,7.9747029231145,5.19192610520585,-1.24064366267275,-18.8503592857948,-11.7007567185622,-10.069043751252,0.0530988644331146,13.4894009321164,-1.71261483216895,-16.4336255978315,-8.35826959854515,4.67244020119694,-8.22010306333882,172.968811665263,200.843349259902,260.103821885199,251.529482504926,-13.2513346745418,-4.15258536705602,9.08092056665667,-4.96635894775389
2007,-10.0283010629507,-11.8943198570838,-7.97392953725959,0.572296142578148,6.65755169208235,12.8887322059045,14.7511498084435,13.5102461594802,7.85993018517129,0.820745849609398,-6.44591933030346,-14.3168036827674,-15.9880717350886,-17.6903141902043,-15.1027574979342,-7.24777620755707,-1.99294574444108,4.0754084660457,6.27560683030351,4.77176208496096,0.832639019305912,-4.58502244215743,-11.5967846210186,-20.2475492037259,83.6146582880666,50.1665363370333,103.306543270054,52.0721655204677,54.1876458392765,119.005849522252,148.54581012892,80.3605742949563,112.075052080819,112.188165225626,45.7966520513694,49.7639808624696,-13.0081863990197,-14.7923170236441,-11.5383435175969,-3.33774003248946,2.33230297382064,8.48207033597508,10.5133783193735,9.14100412222057,4.3462846022386,-1.88213829627402,-9.02135197566104,-17.2821764432467,-10.2014108902369,-0.248027234199697,13.7167093912761,0.74491890149241,-16.1327625372471,-8.11449314997745,5.04092579377005,-5.11638934795671,247.487764334969,209.566354629799,347.912233946128,270.059869357815,-13.167086713742,-4.18126019208857,9.37881759252305,-2.18573522323215
2008,-13.9714395376352,-10.8971031775841,-4.3578655536358,-0.131156804011396,8.0127873347356,11.4314340444712,13.5160275972807,13.644288283128,8.4597592867338,1.46266268216649,-5.54157221867486,-17.2578267024113,-20.2895075871394,-18.1248388437124,-12.4982161301833,-8.58481046236476,-1.11254718487077,2.00737844613884,4.92153249887322,5.12294945350062,1.32597679725062,-4.4740295410156,-10.8029829758864,-23.6537196232722,61.3470790101788,62.1305263677361,55.429464549077,57.5565239504123,69.8611864076856,97.0935756967475,102.708963987131,86.6627085828581,80.9314197842748,131.910969660385,89.5046399225696,70.5865175884145,-17.1304735623873,-14.5109710106483,-8.42804084190954,-4.35798363318808,3.45012007493241,6.71940624530501,9.21878004807694,9.38361886831432,4.89286804199221,-1.50568342942456,-8.17227759728063,-20.4557731628418,-13.0617821326622,1.17458832569614,12.8639166416266,1.46028325007514,-19.5539652115259,-7.39852459247294,4.01728679950423,-4.65034523988379,173.241586240385,182.847174907175,286.465248266736,302.347029367229,-16.3078736720941,-3.1119681333884,8.44060172056542,-1.59503099490433
2009,-13.8336552546574,-11.059084378756,-8.32343632624697,0.837545306866008,7.02559556227466,13.5135167048528,17.0661808894231,14.3476327749399,9.37683762770435,0.392573664738604,-6.78919865534853,-14.0199194101187,-20.0596353384164,-18.9835906982422,-16.569148841271,-7.48999375563399,-2.30039226825418,3.64368450458235,7.15512530987082,5.87508451021637,2.12423612154449,-5.8161686823918,-12.7944373497596,-21.2034366314228,110.548897006083,44.0993082382192,52.3530247200352,38.2115247775801,55.2740268060006,90.9960963897622,57.7360217607258,112.863182776178,125.860481361787,93.9497530997659,74.9020795807995,39.0186463480439,-16.9466452965369,-15.0213375384991,-12.446292583759,-3.32622422438399,2.36260164701024,8.57860060471757,12.110653099647,10.1113586425781,5.75053687462442,-2.7117975088266,-9.79181800255407,-17.6116780207707,-14.0501887786083,-0.153431819035435,14.9757767897386,0.993404212364805,-20.8989818866436,-8.78651162171973,5.55796477488985,-5.49545663686897,225.234722832717,145.838576303616,261.595300926666,294.712314042352,-17.4745853326259,-4.46997172037758,10.2668707823142,-2.25102621225208
2010,-12.4325710590069,-4.97896869365983,-2.20955434945911,2.81570622370796,8.71219036395735,12.8942119891827,15.3340118408203,15.2259601299579,8.16368713378908,1.79712641789365,-6.67694467397834,-16.2084115835336,-18.0452270507812,-12.8615372877854,-9.95644507774938,-6.63347285344048,-0.950356820913439,3.37067190317009,5.64074965256913,6.06899414062502,0.415355036808917,-3.86578885591945,-12.5081498366136,-21.6295501708984,59.8791296934136,27.8458785946966,90.3971612766887,31.2433264245136,45.4475486919714,84.6463232211625,56.8383873218688,68.3384259141838,99.7446301446941,112.923195479939,76.7810207460291,47.8529058934118,-15.2388990548941,-8.92025299072264,-6.08299971360425,-1.90888331486626,3.88091677152195,8.1324419461764,10.4873807466947,10.6474771352915,4.289521085299,-1.0343312190129,-9.59254725529595,-18.918980877216,-10.4771530542618,3.10611407940206,14.4847279866537,1.0946229592348,-17.3700669899965,-5.8467582507011,5.02680523212142,-5.31952788524137,126.743654636154,167.088036393174,209.823136457215,289.448846370662,-13.9236100221291,-1.37032208564952,9.75576660938754,-2.11245246300328
2011,-13.0631427471454,-11.6842731182392,-8.81842064490683,-0.288630324143607,8.77066626915567,13.0238447922927,13.6378265380859,11.5676534799429,8.04097055288464,1.2135192871094,-10.1931239201472,-8.45091317983772,-18.863778921274,-19.1210439828726,-17.3907340416541,-8.26756756122293,-0.612251868614761,4.09125788762022,5.45304823655351,3.70848294771637,1.26271761380711,-4.34360680213339,-16.7832553570087,-14.5361109806941,72.5866954585609,57.3595306317797,30.5818368121086,32.2428439909485,59.8647945202314,94.5184136194607,102.696315296747,107.936522327005,131.600261701701,79.3987124235942,87.3262108518527,110.086797874045,-15.9634608342097,-15.4026585505559,-13.1045773432805,-4.27809894268327,4.07920720027045,8.55755133995645,9.54543738731973,7.63806821382964,4.65184408334587,-1.565043757512,-13.488189638578,-11.4935120802659,-13.6519424829727,-0.112128233298257,12.7431082701072,-0.312878026717728,-19.8714576916817,-8.75685115716394,4.4175963572967,-6.62138151511166,177.799131983752,122.689475323288,305.151251243212,298.325184977148,-16.7617000873272,-4.4344896952311,8.58035231370194,-3.46712977091469
2012,-14.2983709482046,-6.78841059758111,-5.58261601374697,1.95867708646336,5.96946645883416,11.5055072490986,16.0723259559045,14.6728935828576,10.0509807880108,-1.68818382850058,-10.9957782451923,-17.5032772357647,-20.5826009897085,-13.6551487849309,-13.5128302940955,-5.98838993952822,-2.04349083533652,3.0614206167368,6.20405203012322,5.58704927884618,1.80956139197719,-8.6893608680138,-17.2260850172776,-22.3408325195312,87.5635752481265,45.1598856018301,53.0689400128232,37.3307414030513,82.5279957874535,106.062849249261,56.1664611960833,78.6153372636853,92.1389658850295,66.1531558005103,72.0387179798518,53.2486918848008,-17.4404859689566,-10.221779691256,-9.54772315392126,-2.01485642653243,1.96298781174882,7.28346393291769,11.1381889930138,10.1299714308519,5.93027108999401,-5.18877234825719,-14.110931631235,-19.922054877648,-9.84589824187448,0.781842510516849,14.0835755959535,-0.877660428560681,-16.2579535851112,-7.18157035632009,4.95084064190207,-8.03529483110475,242.810258724001,172.927677203328,240.844647709029,230.330839665392,-13.0519259134928,-3.19986392290162,9.5172081189278,-4.45647762983271
2013,-9.47303701547474,-5.36378126878003,-6.90835054837738,-1.56662879356969,8.30106600247899,14.7180426964393,15.3854156494141,15.8817474365234,11.444684776893,3.22372952974762,-7.55128267728363,-12.8671412541316,-15.0420610868014,-11.4867572490985,-15.2588444636418,-9.10659578763519,-0.781808236929064,5.25401306152346,6.19959176870495,7.01194035456733,3.14259009728067,-2.21813823993387,-14.20040236253,-19.319350022536,78.0379959270179,64.802524625814,31.6932340560015,90.5471364698874,60.9729596973361,93.5368489545698,104.738514351909,73.32425443769,94.0653737007569,89.9716033501766,71.4666709268036,124.640931258909,-12.2575490511381,-8.42526925893928,-11.0835975060096,-5.33661229060244,3.75962888277496,9.98602787898139,10.7925037090595,11.4468438955454,7.29363743708686,0.502795644906874,-10.8758425199068,-16.0932456383338,-10.7800318400065,-0.0579711131560284,15.3284019274589,2.37237720978568,-16.289883618477,-8.38241616273536,6.15518172826525,-4.42531683506108,196.089212437633,183.213330223225,271.599617744169,255.503647977737,-13.5349577292418,-4.22019363794569,10.7417918278621,-1.0264698126377
2014,-6.19730788010815,-15.0569602379432,-8.01977163461536,1.07056039663464,8.63971534142129,12.2628920335036,16.0426936222957,15.0870753361629,9.58740703876204,2.06488577035759,-6.45974919245791,-10.0213928222656,-11.227537888747,-22.6738505436824,-16.285952758789,-6.47609417255106,-1.04016841008111,2.85769418569714,6.79851144643933,6.20046973595255,2.25922053410459,-3.40714228703423,-12.6044019258939,-15.7404195932241,87.387618593997,20.0289095884587,50.0534950845087,74.932409154896,45.8424684636366,96.2326493060503,81.6045014205604,64.9352289951192,113.810369825492,105.712603730185,48.957734171731,47.5723865701674,-8.71242288442757,-18.8654053908128,-12.1528621967022,-2.70276688795821,3.79977346567009,7.56029310960038,11.4206025343675,10.6437725360577,5.92331378643332,-0.671128258338319,-9.53207555917591,-12.8809062077449,-11.373803124061,0.563501367813522,14.4642203306541,1.73084787222058,-17.7402461516551,-7.93407178047374,5.28555845602967,-4.58410789294119,232.057459441365,170.828372703041,242.77237972173,268.480707727408,-14.5570246378581,-3.68528520633011,9.87488939334187,-1.42663001036031
2015,-8.45917522723856,-8.80861417330226,-2.05954049917366,1.60855618990387,11.9898742675781,13.8160646878756,14.8314159686749,12.6456665039063,6.72439504770134,2.90089017427887,-6.61730135404145,-12.9001446063702,-13.6320932241586,-15.4501072810246,-10.0343865027794,-5.7322573148287,0.838230309119614,4.89983990009017,6.91505972055291,4.92076674241288,-0.0670499361478141,-3.04696561373195,-13.3882205669696,-18.115387901893,113.164362325691,46.7107279614608,62.5083684925742,60.2743579880693,35.9920985284799,79.6695441688196,113.434340874664,136.74740383509,90.6915757626008,88.7421511722585,85.2995663209675,44.3606053514836,-11.0456342256986,-12.1293607271634,-6.04696350097654,-2.06185056246242,6.41405228834888,9.35795229398289,10.8732378446139,8.78321662315957,3.32867255577676,-0.0730377197265399,-10.0027609605055,-15.5077662541316,-9.09639407426881,3.84629665276945,13.7643823868189,1.00266128931292,-14.9408733661358,-4.97613783616284,5.57855545435199,-5.50074537228313,207.447476857319,158.774825009123,329.851288878574,264.733293255827,-12.0186337202023,-0.564920591696695,9.67146892058545,-2.24904204148511
2016,-9.55731506347654,-5.30795100285454,-1.70123103215142,4.62134634164666,9.64804828350362,14.1213503324069,15.6440028263973,14.6498248760517,8.20456824669473,-0.185787259615362,-5.60626619779144,-15.8082858745868,-14.5427494929387,-11.9129298283503,-9.23831646259013,-3.29894291804385,0.419233351487403,4.97810903695916,7.72467933067911,6.47774658203127,1.16969933143031,-6.60316162109373,-11.0993767371544,-22.2439160860502,56.4076292910613,61.3796314380194,37.7274974195573,58.8224798467798,90.8946756730214,76.0983996935045,103.026164554131,96.627619337792,110.461461841344,31.2116004099013,72.4965183628508,50.8746751946791,-12.0500322782076,-8.61044041560245,-5.46977374737077,0.661201711801404,5.03364081749551,9.54972968468301,11.6843410785382,10.5637857290415,4.68713378906252,-3.39447444035455,-8.35282146747294,-19.0261009803185,-9.25513689090042,4.18938786433295,14.8050593449519,0.804171596429309,-14.8570224077273,-4.03934200971552,6.39351164988985,-5.51094634227262,162.147866080564,187.444652939359,275.752183585428,214.169580614096,-12.0560796493139,0.0750229273087151,10.5992854974209,-2.35338737292165
2017,-11.144676560622,-10.4283604548527,-8.94506906362678,2.11702411358175,8.31106755183295,12.7843463604267,14.1751969557542,15.4889664870042,10.695547250601,1.77432532677286,-11.6046936035156,-11.9623563326322,-17.6415174044095,-19.0329087477464,-17.0709611159104,-6.41780700683591,-0.386852323091924,3.63547527606673,5.77158790001505,6.17746511606072,2.5394235464243,-4.23572716346152,-18.2768821129432,-17.482528921274,69.4350667042622,47.7107261894092,58.799213346076,33.3270942904234,75.5648981573848,89.736804831773,111.502044332715,80.2769524976611,96.2738604374373,102.880985843233,48.6144513930552,61.2145489584341,-14.3930969825158,-14.7306346012996,-13.0080150897686,-2.15039144662708,3.96210761437051,8.20991081824671,9.97339242788463,10.8332158015325,6.61748539851264,-1.23070091834433,-14.9407878582294,-14.7224426269531,-12.4604409633539,0.494340867262642,14.1495032677284,0.288392991286077,-19.6394474127354,-7.95854014861276,5.1948427640475,-6.65772857666014,168.02046808835,167.691205793884,281.515801662149,247.769297673725,-16.0499441880446,-3.73209964067506,9.67217301588794,-3.18466779268703
2018,-12.8088040865385,-13.6168668306791,-5.32869074894829,0.134475942758436,9.39393146221456,13.181688279372,17.0755859375,15.0673879770132,7.17019606370194,2.82772475022538,-4.42674889197714,-10.2836198073167,-18.8792414738582,-21.3756551889273,-13.975235572228,-8.0439497727614,0.0947836068960564,3.91620694673981,7.04297720102166,6.58322566105771,-0.755489642803463,-3.33435880220851,-9.69545734112078,-16.1626096285306,60.3741148791204,43.1958773067051,40.3387469902205,39.621240105659,58.0265201646118,94.7988607759515,63.6419716577691,87.7569598396524,45.394750419431,96.5298028497133,71.8704768492339,62.9902835545811,-15.8440227801983,-17.4962610098032,-9.65196316058817,-3.95473691500148,4.74435753455531,8.54894761305591,12.0592815692608,10.8253068190355,3.20735321044924,-0.253317025991564,-7.06110311654896,-13.2231147179237,-12.7960090832832,1.39990555200824,15.1082207312951,1.85705730731673,-19.2458085280198,-7.3081339126978,5.84746993627306,-4.59510192871092,164.78454114426,137.986507260491,246.197792273373,213.795030118378,-16.0209088056515,-2.95411418034478,10.4778453337841,-1.36902231069709
2019,-9.93653470552883,-14.5632030780499,-1.74184312086837,2.11509211613584,10.8642934945914,13.4102858323317,16.4384448711689,13.6373462383564,9.72022000826324,0.934784170297499,-4.69891427847053,-9.23594618577222,-16.2142323420598,-22.974397277832,-11.3014110858624,-6.38683823805587,0.798686570387643,4.56313734788163,7.67838651216949,4.66108140211841,1.98839979905351,-5.1074768066406,-10.5943080021785,-13.7786841759315,72.8427611976468,26.3210348619256,33.712525385132,51.3843763933087,43.9155126055434,99.4526222079563,97.5398704490194,120.787722176801,71.9945151672269,92.7779229680219,118.391640126132,77.8773576632375,-13.0753835237943,-18.7688001779409,-6.52162710336537,-2.13587306096001,5.8314900324895,8.98671159010669,12.0584156916692,9.1492138202374,5.85430990365837,-2.08634631817155,-7.6466111403245,-11.5073151808518,-11.5944525302985,3.74584749661961,14.495358980619,1.98536330003007,-18.4504130828075,-5.62985425117686,5.63420175405651,-4.57112833658852,162.154079614153,129.012414383984,317.780214833776,283.164078261381,-15.022432806553,-0.942003377278627,10.0647803673378,-1.29288251827923
