"Year","Tave01","Tave02","Tave03","Tave04","Tave05","Tave06","Tave07","Tave08","Tave09","Tave10","Tave11","Tave12","Tave_wt","Tave_sp","Tave_sm","Tave_at"
"1880",-3.58771370295694,-4.00442751910951,-5.76496899755378,-5.33329033851624,-1.69609580541912,-1.49352586896796,-0.336118415782326,-3.25343428119536,-1.61660785348185,-0.403906855870211,-1.33609308032019,-10.5349189773683,-6.04235339981157,-4.26478504716304,-1.69435952198188,-1.11886926322408
"1881",-4.20610060230378,-4.30699207385381,2.21155810376836,0.177951928719671,-1.56012475242217,-0.853033834447463,-1.58802404668596,-2.25444711082511,-2.60645719203684,-3.1618852315781,-1.0250759302742,1.16253035639723,-6.34933721784195,0.276461760021953,-1.56516833065285,-2.26447278462971
"1882",-0.572841386049986,-2.99355623788304,-4.96722919245561,-1.59522374527795,-1.18578067463305,-0.165814340114594,-1.26605737085144,-0.45258679147163,-1.16109697934654,-2.88145071268082,-2.43067150166694,-2.05560216762953,-0.801289089178598,-2.58274453745554,-0.628152834145887,-2.15773973123143
"1883",-4.32282151059901,-6.379413898955,0.523241342382228,-0.651597390783594,-1.99576956033707,-0.917226520624567,-1.96904749946391,-1.14947304700283,-1.89144859669056,-2.22885707105909,-4.16221241079271,-1.67042496323586,-4.25261252572785,-0.708041869579478,-1.34524902236377,-2.76083935951412
"1884",-0.192210152531043,-7.83369430541992,0.0515332022138561,0.278640947511627,0.652812480032444,-0.754777003959235,-1.15892087740617,0.884559983025409,-3.85020459890366,-1.85173981785774,1.96109605073929,-7.94761228561401,-3.23210980706227,0.327662209919309,-0.343045966113331,-1.2469494553407
"1885",-2.23674526467919,-1.073546859622,5.40052565574646,1.03519841909409,-0.147157028708607,-0.0163312474731356,-1.73253509879112,-0.864025756400079,-0.711686708927155,-0.31344061806798,2.67945539236069,3.03941398859024,-3.75263480330507,2.09618901537731,-0.870964034221446,0.551442688455184
"1886",-6.71302720573213,0.756551628777136,-0.377830938643052,0.65674206511014,-0.503387567276756,0.290078120875276,1.06771168380976,-0.603376546222717,-1.39424605488777,-0.872109348773956,-0.868642167747021,-0.848485144674778,-0.972353862788252,-0.074825480269889,0.251471086154106,-1.04499919046958
"1887",-2.43965621463954,-11.6216583156586,0.93289607167244,0.597342953681946,-0.040838279761374,-1.83258669495583,-1.33002731502056,-1.39978747010231,-1.15505388259888,-1.51896559000015,-0.607798424363136,-2.98916400689632,-4.96993322499096,0.49646691519767,-1.52080049335957,-1.09393929898739
"1888",-6.71286153316498,1.91226993997892,-3.64623427867889,-0.138527014810178,0.774395597270793,0.769212761467012,-0.952582988474104,1.52221405361262,2.95219665103488,0.132299802020296,-0.60530597385433,1.7938996983899,-2.59658520002746,-1.00345523207276,0.446281275535175,0.826396826400284
"1889",2.45294970646501,-1.38183320065339,4.5824488931232,2.4145984666215,1.16509221163061,0.183421216866312,0.730990106757316,-0.925706358419524,-1.28572967648506,2.40205072694355,1.25840166211128,-1.77993106014199,0.955005401400504,2.72071319045844,-0.00376501159863201,0.791574237523256
"1890",-6.43749602411834,-5.62044659737618,0.127161997409227,-0.910130736392198,1.13867130958372,-0.315694979780043,-0.650869670220547,0.325916332247693,-0.229551317454833,-1.03887584391567,3.77593575914701,4.01105133692424,-4.6126245605455,0.118567523533582,-0.213549439250966,0.835836199258834
"1891",6.52820517619451,-8.25177283419503,-1.81147998902533,1.2771798790329,0.489970147887814,-1.85017248160309,0.264946826371468,0.779936510267564,-0.335203443446921,1.51102807165848,0.379470475406076,0.281870109029114,0.762494559641238,-0.0147766540348703,-0.26842971498802,0.518431701205878
"1892",0.672960050041891,-0.993664145679541,2.98802456259727,-1.87583762407303,-0.708897429426581,0.900967852936851,-1.58497175408734,-0.0796506059381904,0.780326589941978,0.793778196184172,-1.39984318893403,-0.806442589240356,-0.0129446622028453,0.134429836365888,-0.254551502362894,0.0580871990640406
"1893",0.376075836681088,-6.8148717880249,-0.522348620277222,-1.28181963248385,-0.264626730815507,-2.64756993452708,-1.20581540713708,0.132006832223851,-0.00549641727573342,-2.53817269206047,-3.4942582613892,0.487586302502501,-2.41507951352806,-0.689598327858861,-1.24045950314677,-2.01264245690847
"1894",-0.326267352741626,-2.6686734325356,-0.0969498676325505,0.22236056422763,-0.20803167730143,-0.614431410979402,0.0942068144116395,1.35583602057563,-2.07782328791089,-1.08160045080715,1.13719343973531,-0.904462331336819,-0.835784827591573,-0.0275403269021168,0.278537141335956,-0.674076766327575
"1895",0.718643649636457,0.573026246960378,0.784153090169032,0.733062592451461,-0.0545703105793412,-0.859463409417205,-1.17178219805161,-0.653253024340504,-3.97265343202485,0.549898532749568,1.27732365019619,0.919350562927624,0.129069188420005,0.487548457347051,-0.894832877269774,-0.715143749693029
"1896",-0.0612342662368772,2.24397510455714,-1.71153478986687,-0.873443988462289,-1.47823402120007,-0.296544594069322,1.13754771401485,0.0792697434727516,-0.851544578352736,0.116687823135483,-9.64271409644021,3.69160527322027,1.03403046708263,-1.35440426650974,0.306757621139426,-3.45919028388582
"1897",1.92966358115276,-0.931300978693697,-5.25295508570141,2.15344017247359,3.12648647692468,0.687090911333346,-1.63932722144657,1.9368000841803,-0.0739035359195744,0.504595801027285,-5.0611560344696,0.212168507924717,1.56332262522644,0.00899052123228724,0.328187924689027,-1.54348792312063
"1898",2.56142300455314,0.918599693104625,-1.96592280848159,0.98562985782822,1.14667532634404,0.475793717495334,0.111980249361497,3.05640781422456,0.491754004110893,-1.71689883536763,-1.45725853161679,-0.205853945187603,1.23073040186083,0.0554607918968907,1.21472726036046,-0.894134454291176
"1899",2.11768712103367,-5.07203276289834,-3.0835302107864,-1.29577199618022,-2.3747015496095,-1.42524465090699,0.0207259127960747,-2.74614198837015,0.34623588656541,-1.79039166867733,4.9663209716479,1.69001786079672,-1.05339986235076,-2.25133458552537,-1.38355357549369,1.17405506317866
"1900",5.66688137584262,-2.30691726174619,2.15441347493066,2.32944709642066,0.622393107947169,0.765570730695294,-0.725346119867431,-2.53272672328684,-1.12521969527006,-0.818865002960794,-2.03259272956186,5.09598510132896,1.68332732496438,1.70208455976616,-0.830834037486326,-1.32555914259757
"1901",1.18167911262976,-1.91951493918896,2.06123965481917,-0.60076007578108,0.782894949532217,-2.35500701102946,-1.32275279611349,1.20958548215114,-1.8505354322907,2.47413730455769,2.6946744190322,2.59947476287683,1.45271642492325,0.747791509523436,-0.822724774997267,1.10609209709973
"1902",2.25322749051783,1.28098847059947,-0.00710774783510715,0.044826389148107,0.353984366481503,-2.12212559415234,-1.74719016916222,-1.0478119386567,-1.49193031009701,1.3081602288617,-1.02811467068063,-1.07773706068595,2.04456357466471,0.130567669264834,-1.63904256732376,-0.403961583971977
"1903",3.28250695765018,-2.08837995091583,-3.55689281556341,-1.08268768505918,-0.805885939134492,1.83428110016717,-1.82450245651934,-1.23441078182724,-2.77691941459974,0.122049150778265,-0.853305642389589,3.07120000984934,0.0387966486828023,-1.81515547991903,-0.408210712726469,-1.16939196873702
"1904",3.06617994937632,-5.13417956895298,-3.53212395310402,1.94189395010471,-0.906024286730422,-0.990111740926901,-0.11547634332803,0.181280919912549,0.154690752506415,0.844701043433613,4.4017159210311,2.14639046457079,0.33440013009089,-0.832084763243243,-0.308102388114127,1.80036923899038
"1905",1.34832678900825,-3.38975416620572,3.9432014061345,1.05703719953696,-0.204050017902369,-0.51592338258504,0.54086261946294,-0.204804139172969,-0.464827460964443,-3.24613598651356,1.36203284603026,2.35025546699762,0.0349876957911032,1.59872952925636,-0.0599549674316896,-0.782976867149248
"1906",3.26892895831002,1.43007212297784,-0.175766598905385,2.87218526005745,0.110371635295451,-1.17484915173716,2.64827794664436,-0.138912757002496,-0.377815203631245,0.920614127069712,-0.250000538679564,-0.65985567528858,2.34975218276183,0.935596765482505,0.444838679301568,0.0975994615863008
"1907",-8.97844811280568,-1.1268098714451,-1.84170459790362,-1.41095863365465,-0.240855575008835,-0.845168165034718,-0.181309129927993,-2.43147399524848,-0.730292953550816,1.84603402846389,2.54166661368476,1.97865881853633,-3.58837121984645,-1.1645062688557,-1.1526504300704,1.21913589619928
"1908",3.59496738347742,-1.35062008045821,-1.33193139980237,0.226145283396666,-0.462205935321334,-0.478675663471222,0.448607303150412,-0.570064547575182,-0.542344823220952,-0.938627912766404,2.68307880891694,-0.454480785708357,1.40766870718518,-0.522664017242345,-0.200044302631997,0.400702024309861
"1909",-5.68716676698791,-1.99592660698626,1.41445797019535,-2.24904019965066,-1.16994192120102,-0.245146477016937,-1.01029891603523,-1.57637420876159,0.896465369396739,-0.269284932279131,-1.24719236449649,-3.34317646755113,-2.71252471989417,-0.668174716885443,-0.943939867271251,-0.206670642459627
"1910",1.88122988409466,-5.19713366693921,4.35525866349538,2.042471209334,0.739079297623701,-1.02495929029667,-0.388628464935917,-2.20899463527732,-0.757081692417463,0.267301968318255,0.06534830488575,2.45062982373767,-2.21969341679856,2.37893639015103,-1.2075274635033,-0.141477139737819
"1911",-3.85958163605796,-3.64439824223518,1.89576385666927,-1.51139590889215,-1.15512855226795,-0.285409064788837,-0.886120862017075,-1.7682209826178,-1.49695851736599,-0.52080239666005,-3.96920348207156,0.102125105215237,-1.68445001818516,-0.256920201496946,-0.979916969807905,-1.9956547986992
"1912",-0.952447352206541,1.4093727933036,-1.93074811995029,1.0174061200685,0.878919795155525,1.45903804815478,-1.71683481418424,-1.46984535290135,-1.89805497974157,-1.60570797158612,1.48022349344359,2.06273378266229,0.186350182104097,-0.0114740682420907,-0.575880706310272,-0.674513152628033
"1913",-2.66780321631167,-4.77420837018225,-2.66906298862563,0.531116523029697,-0.839961460895009,0.302067593651979,-1.33402558498912,-0.0957069210821323,-0.658925764702467,-1.96004554463757,1.25306909614139,2.42367508179612,-1.79309260127721,-0.992635975496981,-0.375888304139759,-0.455300737732883
"1914",3.46007480058405,-1.8976974396242,1.20662594917748,1.3074392138256,0.23692707841595,-0.387618807558384,0.259919154380138,0.172114797027866,-0.9902989152405,1.00819605257776,1.57813527021143,-2.87482522428036,1.32868414758532,0.916997413806341,0.0148050479498731,0.532010802516231
"1915",1.61340762592024,1.87995493577586,3.49844175908301,3.40808422697915,0.621344385565155,-0.79195311477977,-0.940821373912816,2.27571446696917,-1.1646874787079,0.580523532711797,-1.21631291011969,0.604860552994069,0.206179112471916,2.50929012387577,0.180979992758862,-0.600158952038597
"1916",-10.9475973579619,-2.32976123028331,0.576873357997101,0.878978383623891,-1.53121903497312,-0.588107625022531,-1.85363548662927,-0.51411185786128,-0.524337554324625,-0.810142670188927,-1.10393173413144,-4.33943670988083,-4.22416601175037,-0.0251224311173751,-0.985284989837695,-0.812803986214998
"1917",-0.959607187037667,-4.49616417951054,-2.33621414502462,-1.46712236106396,-0.629899076703522,-1.54920895232095,0.328509649792169,0.0829606105625215,0.0253710921582145,-0.365142137484832,4.98752432399326,-3.99670402291748,-3.26506935880968,-1.47774519426403,-0.379246230655419,1.54925109288888
"1918",2.05657547877894,-2.85597812798288,0.1820990615395,0.615902225176493,-1.41241371134917,0.527291653244497,0.166071501625184,-0.965645593073633,1.65403262360228,0.952928583396392,1.36398977206813,1.68670135570897,-1.59870222404047,-0.204804141544392,-0.0907608127346504,1.3236503263556
"1919",5.60003730985853,-3.06889044907358,-2.64839729335573,1.26251516160038,-0.838504757518725,-1.05999834547078,-0.0297417523300586,0.516908624002503,-0.0865473058414257,-3.73124992185169,-3.10645825995339,-2.46259217543734,1.40594940549797,-0.741462296424692,-0.190943824599445,-2.30808516254884
"1920",0.0915538181951787,0.355770390718438,-0.600193671468231,-2.72880039612452,-2.17344504760371,-1.45743595394823,1.6005381544431,0.455115005166994,-0.638507473437736,-0.996205488012897,1.142966552741,1.74927838726176,-0.671755988841243,-1.83414637173216,0.199405735220622,-0.163915469569878
"1921",2.41147346960174,1.0051388743644,-0.334284931304865,-0.256495760912205,0.0736800120968029,0.562822250798086,-0.676822359259758,-0.394773211097345,-2.27737950285276,1.33518985327747,-1.6364121735096,-2.23692160265313,1.72196357707596,-0.172366893373422,-0.169591106519672,-0.859533941028295
"1922",-0.327534712294841,-7.92013494173686,-1.1931624106235,-0.667157644612922,-0.726259750624498,1.26741641697784,-0.0636762137421303,0.65699813908173,0.993237279355526,1.0579079621368,0.691917843004275,-4.25988653302193,-3.49486375222828,-0.862193268620306,0.620246114105814,0.914354361498866
"1923",2.12056039853228,-2.98284877919488,-0.105939667759837,0.447955176855127,-0.264841029983169,0.44422145412601,0.524018541185392,0.258576925313618,0.322513012855779,0.574634318136507,2.64090055061711,1.68113657832146,-1.70739163789484,0.0257248263707071,0.408938973541673,1.1793492938698
"1924",0.507267785711317,3.58224114113384,0.649950073411067,-0.552069213034378,1.59555444452498,-0.40407604989337,0.562011706746287,-0.60710990221964,0.530789921681086,0.699401564068264,-1.04267196108898,-5.66572470797433,1.9235485017222,0.564478434967222,-0.149724748455574,0.0625065082201252
"1925",1.49004879345496,0.602667630080961,0.813188458404814,1.48979598490728,1.53165849215455,0.982367061906391,1.28383677038882,-0.698593735694885,-0.80923012809621,-2.34118810461627,0.938146683077017,5.31780153844092,-1.19100276147947,1.27821431182221,0.522536698866774,-0.737423849878488
"1926",5.75032920969857,3.66039216187265,3.97176262074047,2.60869621568256,0.0824972860152937,0.296087231933295,1.41689775553015,-0.720678696615828,-3.7064446873135,0.615448660993328,0.67379827106682,-0.0647867817638649,4.90950763667071,2.22098537414611,0.33076876361587,-0.805732585084452
"1927",0.570921752310824,-1.2208593438069,0.820582665916946,-1.06845917966631,-1.67601993017726,0.537583539107194,0.0184456375815595,0.619957122822396,-0.629506278990044,0.174648974491801,-3.68162477678723,-6.91775704754723,-0.238241457753315,-0.641298814642209,0.391995433170383,-1.37882736042849
"1928",3.133768386311,1.19115665141079,1.97237843606207,-1.04700409786569,2.04144526024659,0.126251081780841,0.85257647641831,-0.778628453612328,0.442504873706235,-1.33168996291028,1.96857634186745,1.16289114124245,-0.86427733660848,0.988939866147659,0.0667330348622744,0.359797084221133
"1929",-3.53643710249,-5.7128790948126,2.41402501198981,-1.32369190951188,-0.139431420852715,-0.186869569775202,-0.451005847193301,0.798581794835627,-0.747942694081252,1.16604543228944,0.889402106378434,-0.712676307807366,-2.69547501868672,0.316967227208402,0.0535687926223747,0.435834948195541
"1930",-7.53634261422687,2.17496359845003,0.822620967196094,2.68288893997669,-0.936878773073355,-0.794967971328232,0.263751080544252,1.26803979443179,0.402493479765124,-1.85563744439019,1.09140894080823,4.39165192594131,-2.0246851078614,0.856210378033143,0.245607634549271,-0.12057834127228
"1931",7.53392726182938,3.06594610876507,0.847332339387827,1.57589351468616,0.779120528967016,-0.054811195393793,0.317541769498752,0.370441616409355,-0.635307060761584,0.155577796582495,-2.33880801664458,0.733307820427904,4.99717509884525,1.067448794347,0.211057396838105,-0.939512426941224
"1932",0.498976763603019,-2.28661398424043,-1.65720156745778,1.21936141202847,0.224112407550112,0.867236856578125,-1.31375810752312,0.709499766843186,0.00678276894096699,-0.848832986421055,0.925160027678228,-1.77091360092163,-0.351443133403168,-0.0712425826263993,0.087659505299396,0.0277032700660466
"1933",2.71063579618931,-3.95689499378204,-0.241549472337485,-0.641828869365983,-0.968122806813982,-0.498818344772897,-0.63650769326422,1.14083873646127,-1.68643822603756,-1.19563094402353,3.558501985338,-3.95620597591753,-1.00572426617146,-0.617167049505817,0.00183756614138403,0.225477605092305
"1934",5.90475299623277,2.20212450871865,2.21558155450556,4.15972643759516,1.76392899619208,-0.0615511062141094,-0.485217000978688,0.202725148811522,-1.92051047417853,0.698707124839226,2.8697926931911,-0.0957014980182673,1.38355717634463,2.7130789960976,-0.114680986127092,0.549329781283935
"1935",-1.61296654575401,2.56793614973625,-2.14505420790778,-2.64951112866402,-0.452889529884689,-0.485789919479026,-0.120905487972777,-1.31856387439701,0.772249876625008,-1.11129880282614,-1.7467306388749,3.32208597328928,0.28642270198799,-1.74915162215216,-0.641753093949605,-0.695259855025344
"1936",0.984552921986,-13.6173320478863,-0.481790896181742,0.515474163021685,2.72687385148472,0.834814976900816,0.913936072805276,0.642019842233923,-0.754753129349815,1.3111398352517,1.01874075916647,-0.302766921276796,-3.10356438420368,0.920185706108222,0.796923630646671,0.525042488356121
"1937",-7.60630951987372,-4.73591893249088,1.72307884279225,0.433606761856936,0.19661457862498,0.849427603599098,0.652170664493396,-1.66885629958577,1.38787106010649,1.57273108429379,-0.485251184703278,-0.1418679429949,-4.21499845788047,0.784433394424721,-0.0557526771644243,0.825116986565667
"1938",3.84713968965742,-3.32561841275957,1.80920350468821,1.03833873818318,0.320059128619,1.69789709813065,1.68197370403343,-0.935446485877037,3.73151140080558,1.45800126923455,-0.40067327745621,0.476343305367563,0.126551111300985,1.05586712383013,0.814808105429014,1.59627979752797
"1939",5.66914265685611,-4.25998039709197,0.0865928790816623,1.86752219994863,1.04940589682923,-1.4417360867891,0.420153528730023,1.11735565215349,0.480505628925231,-0.694631061076911,4.65266862180498,5.70515556467904,0.628501855043902,1.00117365861984,0.0319243646981367,1.4795143965511
"1940",1.54276527186287,0.427166873194639,3.34648158815172,1.04075627267594,1.56381886535221,0.762191821960086,0.853887241747644,0.627831472290887,3.08262632952796,1.75697641074657,-3.22380255990558,2.90124993854099,2.55836256991218,1.98368557539329,0.747970178666206,0.538600060122984
"1941",4.33004926641782,1.25385901745823,3.99666604730818,3.57426476809714,0.472841241655664,1.14405921474099,2.32063092456924,0.325069434630374,-2.15972053342395,0.599885511318765,2.46931092937787,1.3994053511156,2.82838607413901,2.68125735235366,1.26325319131353,0.303158635757562
"1942",3.69598895187179,0.099338105705101,1.59790469374922,1.35558590541283,-0.00274033978267754,-0.608832451274793,0.753693016142481,0.785506165896853,0.917104473544492,0.969220893250571,-2.0400710321135,-0.0443695752732714,1.73157746956416,0.983583419793124,0.31012224358818,-0.0512485551061454
"1943",-4.3408999790748,1.62654075523218,-2.71986050075955,2.10544809036785,-1.70745655728711,-1.53154890487591,0.18181586066324,-0.48918781346745,0.86424043112331,0.982159265213542,2.85279996527566,2.73387201668488,-0.919576266371964,-0.773956322559604,-0.612973619226708,1.56639988720417
"1944",4.29340595006943,-0.532201594023112,-1.07234209930013,2.21613655984402,0.838506386925777,0.677669795475797,0.332951384897266,-0.649756389877035,1.22488170531061,2.79326653811667,1.21880313795474,-0.214522022909174,2.16502545757706,0.660766949156554,0.120288263498676,1.74565046046067
"1945",4.05369184083409,0.169908307906654,1.22186357527971,-2.17595862183306,0.380141050153826,-0.731781668133206,0.682828760602408,1.01287107666334,-1.03600203908152,0.684857838683658,-2.83198182119264,0.385353183554899,1.33635937527719,-0.19131799879984,0.321306056377512,-1.06104200719683
"1946",4.4020821650823,0.286915682980584,2.81589403251807,1.24548065952129,1.10699758937375,-0.793902976894363,-0.0762396912970063,0.24846570582142,0.132199976450971,-1.80146045486132,-3.18839945395788,-0.731094283776151,1.69145034387259,1.72279076047104,-0.207225654123317,-1.61921997745608
"1947",1.33474280529966,-0.738328435826891,1.14502873126831,1.547811380691,1.10433754117952,-0.732226004203161,0.27144150820944,-1.13691402971745,0.278228075062442,0.758828651987844,-0.150410150966814,2.92131449116601,-0.0448933047677943,1.26572588437961,-0.532566175237056,0.295548858694491
"1948",4.45987509356605,-4.28538725442356,-1.79625104367733,-2.60331211653021,0.816370420080299,2.25949701997969,-0.924023957974795,-0.871751281743248,-0.150536561669368,-0.160737842628603,0.552695298877855,-4.40020391676161,1.03193411010283,-1.19439758004241,0.154573926753882,0.0804736315266281
"1949",-3.77446985914786,-6.10194754600525,0.521728503446664,2.42785096499655,1.53497718440162,-0.794938129269414,-0.608604588028457,-0.0437820067551608,0.730778520719873,-1.71786074837049,4.89984040458997,-3.23040737211704,-4.75887377397157,1.49485221761494,-0.482441574684344,1.30425272564645
"1950",-13.1607880724801,-0.271245655965888,-1.13114797820648,-1.28883677224318,-1.22894366251098,1.04252493380853,0.233610022476771,-0.264421650855285,1.31410750332806,-1.3070241684715,-2.67476826740636,2.44474496940772,-5.55414703352101,-1.21630947098688,0.337237768476674,-0.889228310849932
"1951",-1.19495711351434,-2.44584901299742,-4.09765237569809,-0.0449251292027637,0.474066287072168,-1.11305119353347,0.539866525058945,-0.776028631875912,-0.408785797299869,-2.11686952991618,0.0201557067403984,-4.39563788970311,-0.398687052368014,-1.22283707260956,-0.449737766783477,-0.83516654015855
"1952",-2.11551916268137,0.226846240667833,-0.582374661436511,1.4348599968685,0.464402116007275,-0.889550217323833,-0.47449760325253,0.0789160152130029,1.52905758553081,2.21821394397153,0.742444101940944,2.94297844668229,-2.09477027057222,0.438962483813089,-0.428377268454453,1.49657187714776
"1953",2.77348300449861,2.6337466686964,1.58722327484025,-1.3931678376264,0.239358174507894,-1.05171872675419,-0.579087988783916,0.134337019133252,0.231824538667247,1.88844829632176,3.57222104734845,3.58169535464711,2.78340270662577,0.144471203907246,-0.498823232134951,1.89749796077915
"1954",-3.89239303767681,3.29209791951709,-1.72068029807674,-4.07939444316758,-0.32827961454556,-1.79022511839867,-1.18193085450265,-1.29622718277905,-0.306684561689407,-0.932434333902266,4.84842816988627,3.1348729663425,0.99380007882913,-2.04278478526329,-1.42279438522679,1.20310309143153
"1955",3.58059831625885,-2.44772563543585,-4.60830774572161,-1.37971079515086,-2.12438796791765,0.0183989790740371,-0.496856545072256,-0.53348088945495,-0.285286452259041,-0.117335610184657,-7.48028029998143,-4.42301204469469,1.4225818823885,-2.70413550293004,-0.337312818484389,-2.62763412080838
"1956",-0.476332997696267,-4.60672027866046,-0.958164579752419,0.119378251321096,1.29869572156005,-0.858969705127594,0.799924569825331,0.549274077444958,0.0888530804335864,-1.21210880825917,0.949225245095376,0.300786127730842,-3.16868844035047,0.153303131042911,0.163409647380899,-0.0580101609100691
"1957",-5.56111531787448,-3.70871845550007,0.630834949099355,0.55360296409991,2.31353890730275,0.0176741534669418,-1.25124889260365,-1.88559782505035,1.65502708819177,-2.15652502079805,1.46420082160168,3.30666605300374,-2.98968254854791,1.16599227350067,-1.03972418806235,0.32090096299847
"1958",6.84376939800051,1.11714949585601,0.226959087019269,0.444323994219303,3.32244620389409,2.18161344031493,1.56192272006431,1.8989962687095,-0.37243054682363,0.80243487490548,-1.18220592207379,1.69698130091031,3.75586164895342,1.33124309504422,1.88084414302958,-0.250733864663979
"1959",0.0447916669460634,-2.20879010193878,2.27736974590354,0.309896911390954,-1.49002004332013,-0.464825295584483,0.409181846305728,-2.05814719862408,-1.08153101139598,-0.987502145270507,-2.30370602011681,3.20923441814052,-0.155672378027467,0.365748871324791,-0.704596882634279,-1.45757972559443
"1960",0.351231002378174,0.00280435977037996,-0.404750966777404,0.787522226985958,-1.44832190457318,-0.533892134514948,2.16548985408412,-0.678108168558942,-0.257887363873629,1.19958438889848,-0.128298607847885,1.23292043430006,1.18775659342969,-0.355183548121541,0.317829850336744,0.271132805725655
"1961",4.92319268981616,2.71175612012545,2.21228293246693,-0.22584309464825,0.786034600188335,2.86663132243686,1.21568519456519,2.48571879996194,-2.05033414728112,-1.2097628828552,-2.20548768838247,-2.17720047632853,2.95595641474722,0.924158146002339,2.18934510565466,-1.8218615728396
"1962",1.00374834463259,-1.58216087437338,-1.76287593940894,1.71481496261226,-0.912457664807638,-0.243968637944717,-0.767777763307095,-0.861180540174246,0.224361973814666,1.04174422472715,3.0948838227325,3.3750504023499,-0.918537668689775,-0.320172880534773,-0.624308980475352,1.45366334042477
"1963",-1.427887879519,3.5104426211781,2.33055116732915,0.500487724526061,-0.257913949902609,0.012054035860476,-0.802650804683152,0.93024249209298,3.1148409611649,1.98739957478311,-0.0334619177220803,0.352776142781497,1.81920171466966,0.857708313984201,0.0465485744234347,1.68959287274198
"1964",4.25640939672788,2.91919645998213,-1.38043182757166,-0.722693665987916,-0.950733479940229,-0.235478510692095,-0.268477099714801,-1.77230193383164,-2.00563310583433,0.723521031439304,-0.499905041166736,-5.9282349911001,2.50946066649717,-1.0179529911666,-0.758752514746178,-0.594005705187252
"1965",1.47863766551018,-0.794966887320495,-2.85183641645643,0.538949098334544,-0.903906229469511,-0.249596346803527,0.849297400563955,1.19138289491336,-2.9491882837481,1.79786725011137,-0.458024080325332,0.141741533851018,-1.74818807097014,-1.0722645158638,0.597027982891261,-0.536448371320687
"1966",-1.53504987459423,0.868705497239716,1.27432397670216,-1.09330834810519,0.448112510636242,-1.34033905300829,-0.84540037272705,-0.581589612695906,2.07287593020333,-0.240882698679343,-1.32205454518812,2.05613548391395,-0.174867614501165,0.209709379744406,-0.922443012810416,0.169979562111958
"1967",3.1177256355683,2.15340435670482,-1.81006235919065,-1.83882916967074,-0.818958318067922,1.07111488977292,0.38342826744742,2.81318896677759,3.60704256097476,0.309960388733695,1.02652124729421,-0.211371522138102,2.44242182539569,-1.48928328230977,1.42257737466598,1.64784139900089
"1968",1.57904130634334,1.715186048713,3.58725034859445,-0.85463864935769,-0.612178262323141,-0.99761227849457,0.199978292893825,-1.41005205114683,-0.145113928547491,-0.592809231330951,1.24092716392544,-4.64698880910873,1.02761861097275,0.706811145637874,-0.735895345582523,0.167668001348998
"1969",-9.4282034834226,-2.23813690079583,0.639825289060051,1.74726178000371,1.17584254095952,2.11745600567924,-1.06939071334071,-0.568784708700453,0.0577387132927672,-1.40528750999106,2.61969178583887,2.65564664701621,-5.43777639777572,1.18764320334109,0.159760194546026,0.424047663046858
"1970",-0.46325357117328,2.74423007998202,0.648026245238725,-0.88929685494966,-0.0412651898287651,2.30503467222055,1.04036618205201,1.08208494385084,-1.81329964515236,-1.08851560205221,-2.23170132769479,-2.85514967971378,1.64554105194165,-0.0941785998465666,1.47582859937447,-1.71117219163312
"1971",-0.26238171929597,0.764372268484698,-1.43017086138328,0.507543933370875,1.05431909693612,-0.781120862397883,0.135899520437104,2.85609966019789,-1.5659472329749,-1.24051971899139,0.921252147605022,-5.12641316321161,-0.784386376841684,0.0438973896412386,0.736959439412372,-0.628404934787088
"1972",-3.84316344393624,-2.89484640624788,1.4720388021734,-1.76414274507099,0.757649722612566,0.0584651679188634,-1.37358611987697,1.41032982783185,-2.86900221639209,-1.80673552718427,1.10028534879287,-3.0844232208199,-3.95480767113191,0.155181926571661,0.0317362919579157,-1.19181746492783
"1973",1.54443464241922,0.0921310741687194,2.56807341840532,0.058989798805366,0.572566173556778,-0.532247708955159,-0.0512532541373124,-0.0253081601889183,0.591580932442513,-0.498587771163632,-4.47374773687786,1.98440045201116,-0.48261916807732,1.06654313025582,-0.20293637442713,-1.46025152519966
"1974",-0.82432397965911,2.10996197991901,-0.629513332639666,1.10062063733737,-1.91642790701654,0.977259631355992,-1.21709632356134,-0.0527218953163053,0.542006280169719,1.1003857197033,1.33311086810297,3.64557012915611,1.09001281742369,-0.48177353410628,-0.0975195291738836,0.991834289325332
"1975",1.11056855546,-5.44862180948257,-1.72287539475494,-1.90128467977047,-0.71679631786214,-0.934308247433768,1.83486595087581,-1.90730573071374,0.918385398056772,-0.456201160533561,-0.288083761697635,0.81189071552621,-0.23082770828882,-1.44698546412918,-0.335582675757232,0.0580334919418588
"1976",3.93693729241689,0.590755191505499,-0.905362932218446,0.969283289586504,0.320684671867639,-1.93813960088624,-0.888715798449185,-0.56358125878291,1.57178544998169,-0.283276360268549,1.61948563986354,2.89451870322227,1.77986106648287,0.128201676411899,-1.13014555270611,0.969331576525561
"1977",2.0615689545844,4.62979209423065,1.3180913320846,2.33411616914802,-0.623471122648981,1.05073565948341,-1.09778101411131,0.449182931877052,-1.23235457804468,-0.322360018371708,-1.56008460621039,-4.04890072676871,3.19529325067911,1.00957879286121,0.13404585908305,-1.03826640087559
"1978",-0.53684515185887,0.118422307559134,1.88710716035631,0.815824087295267,-0.935506164199776,1.10159828679429,0.807726217964147,-0.53794758182226,-0.461590160240626,0.800708528194163,-2.56964512997203,-2.62412374466658,-1.48910785702281,0.589141694483934,0.457125640978726,-0.743508920672832
"1979",-5.09876396589809,-4.78547137313419,2.20336745348242,-0.76862899834911,-0.636576591809798,0.287763665307365,0.945877802040842,1.53672521809737,1.83933752775192,1.50857039292653,-0.320844181386443,2.78222704264853,-4.16945302789962,0.266053954441169,0.923455561815192,1.00902124643067
"1980",-1.94823781152566,0.962279702226321,0.00648871603253711,3.0190445250935,1.49506778518359,-0.109799257237076,-0.519786227701439,-1.91237733927038,-0.24117838073289,1.29413625680738,2.50703011122015,-0.584320190466113,0.598756311116395,1.50686700876988,-0.847320941402965,1.18666266243155
"1981",7.27554505401188,1.97573563622104,3.66833271914058,0.191553814065022,0.726590148276753,-2.06045406063398,-0.461377496074419,2.62430820531315,0.764500853088167,-0.543465152589811,3.20111754867766,-0.36858885952582,2.8889868332556,1.52882556049412,0.034158882868252,1.14071774972534
"1982",-3.2601518465413,-2.67859151959419,-0.577119673666958,-2.20238275825977,-0.850009745193852,2.05572641889254,-0.768491197713754,-0.780683575974156,0.629262141109696,0.128203121570146,-2.43370113107893,0.799020706203818,-2.10244407522044,-1.20983739237353,0.168850548401544,-0.558745289466363
"1983",5.81442911095089,3.40010245309936,2.17331102821562,0.907884639170435,1.18321666369836,-0.11055935095323,-1.22616641968489,1.37738983540071,-1.67577686740292,0.0729904495722925,2.0796608676513,-7.02447846200731,3.33785075675136,1.42147077702814,0.0135546882541989,0.158958149940224
"1984",5.09946008192168,4.26321985655361,3.09443948335118,0.561766481790174,-1.8311083532042,-0.510428049912055,0.318822152052437,0.707629105697075,-2.38001404537095,-2.44870816502306,-1.493406539162,-5.21914703316159,0.779400492155993,0.608365870645718,0.172007735945819,-2.107376249852
"1985",2.82839837339189,-2.1019172726406,1.1164338923732,0.577334514993709,1.28894257545471,-0.339564338656298,2.1555668960015,-0.655344495963719,-2.75076221426328,-1.27009437315994,-9.10176357295778,0.224002812678615,-1.49755531080343,0.994236994273874,0.386886020460494,-4.374206720127
"1986",6.94008881515927,-2.05447694659233,4.45159600840674,0.0539832901591176,0.430969501698403,1.29590329403679,-1.80024789936013,1.60024952557352,-1.7712760037846,1.42218529764149,-1.25223412406113,2.30876351065106,1.70320489374852,1.64551626675476,0.365301640083392,-0.533774943401416
"1987",5.49550392230352,3.41582457224528,2.21703772826327,2.82782492041588,1.21640296859874,2.03737136556043,0.179729272475621,-1.21571123558614,2.39836095439063,0.97119843463103,3.64933640095923,1.97732905960745,3.74003066839995,2.08708853909263,0.333796467483302,2.33963192999363
"1988",1.40872610153423,1.03032441271676,3.17319165170193,2.29700352085961,0.873102732830577,0.895899499507828,-0.198402775175055,0.187931310831724,0.168549800757319,1.90087669922246,1.50066675080193,1.3324912869268,1.47212652461948,2.11443263513071,0.295142678388166,1.1900310835939
"1989",3.2810882627964,-5.88654881053501,-1.2041102209025,1.43044538795948,0.145171438531381,1.19480086366336,0.515683583294352,-0.172914493702895,0.755324417104324,0.0441259751484419,1.53209143049187,3.14183315965864,-0.424323086937269,0.123835535196122,0.512523317751604,0.777180607581546
"1990",4.88213099373711,-1.4144829346074,2.59576273626751,1.57639265722699,-0.141155056241486,-0.106485456966362,0.843158620099227,1.54436140424675,2.48466358251042,-1.33124942084153,-0.176333002946598,-4.05225468344159,2.20316040626279,1.34366677908434,0.760344855793206,0.325693719574095
"1991",-0.413983280046119,5.88545127047433,-0.204523649144297,1.3810698447956,0.236510955088306,-0.750365109648556,-0.0204752601113998,1.85755150516828,1.21582300050391,-1.97453663249811,0.465876723303356,3.63998039563497,0.473071102328875,0.471019050246536,0.362237045136108,-0.0976123028969461
"1992",7.51724817355474,3.78750263982349,5.46266700824102,1.89140186210473,0.91347708641034,2.86494841178258,-0.28196071447908,0.235258240347523,-1.41118268999788,0.183057719466483,0.99957192192475,-3.719379256169,4.98157706967107,2.75584865225203,0.939415312550342,-0.0761843495355505
"1993",-1.82512583376633,-1.6441579475585,1.88819114449951,1.28761553060677,3.19921651151445,-0.175217551780709,-2.30546924306287,-0.558426098005536,0.417475577857759,0.966245096590784,-1.14177135171162,3.24846511251397,-2.39622101249794,2.12500772887358,-1.0130376309497,0.0806497742456419
"1994",4.95686674449179,-4.0572904927863,3.91284712817934,2.32029888696141,1.15493487483925,0.0906005833595474,1.70787430637413,1.10433048423794,2.44316074914402,-0.205326600802234,-1.06748315774732,0.827654602626959,1.38268045473982,2.46269362999333,0.96760179132387,0.390116996864823
"1995",2.71121576428413,1.52054033014509,1.05434568060769,0.45090710944108,1.1385747357789,0.906870638227297,-0.00246419207865579,-2.05480898254448,1.94398976365725,-0.794512247459756,0.030588653171435,-0.987781553580943,1.68647023235206,0.881275841942557,-0.383467512131945,0.393355389789644
"1996",-2.98521316217052,-0.364718412928697,-0.922272659217318,1.13268552058273,-2.26448183258375,-0.496800118074235,0.462471776321763,0.806636264754666,-1.11789006325934,-1.2792518188556,-3.63712123201953,-4.84828222460217,-1.44590437622672,-0.684689657072778,0.257435974334065,-2.01142103804482
"1997",1.49267791835074,1.91672195225126,0.0271636288509601,-0.865047726883656,0.700594601945745,-0.0939680964737717,-0.500460601748071,1.00858233041233,1.55866260826588,-0.525985233692659,1.78988223440117,3.93552996218204,-0.47962745133339,-0.0457631653623173,0.138051210730164,0.940853202991464
"1998",1.19179359243976,3.97158683670892,2.09856604039669,1.89384815593561,3.03029289179378,0.680466559249908,2.71713265445497,2.36399245262146,2.69747713704904,0.532702350161142,1.91418996039364,0.311759976210952,3.03297013044357,2.34090236270869,1.92053055544211,1.71478981586794
"1999",4.34986483388477,2.6882399684853,1.98170732292864,0.657487506253852,-1.40293020672268,-0.979877909024557,-1.43643823100461,1.4680837392807,-0.235265293675992,-0.108170572086237,2.97739034559992,4.18254166841507,2.44995492619367,0.412088207486603,-0.316077466916155,0.877984826612562
"2000",1.92652284602324,0.684864351719928,2.61558860043685,0.922498351583878,-0.888876386193766,-0.310864250227395,0.101831052170989,-0.082838541491785,-0.356841897695429,0.0579269736837078,-0.202688261142208,-1.2949657878942,2.26464295538608,0.883070188608986,-0.0972905798493971,-0.167201061717976
"2001",6.28787692387899,-1.94981278313531,2.19563959373368,0.209473192484842,0.604777001840476,-0.90678762892882,0.0431363920894607,1.55693518122037,1.59445742434926,-1.13474606722593,2.76887255907059,0.193700081988128,1.01436611761649,1.00329659601967,0.231094648127004,1.0761946387313
"2002",4.07590922382143,1.64451928188403,-4.2521445453167,-1.10704966831124,-1.57111271222432,1.18641490903166,0.999079296986262,-0.185377597837942,-0.149226341991582,-1.86297576460573,2.87619459960196,3.7017686035898,1.97137619589786,-2.31010230861742,0.666705536059992,0.287997497668214
"2003",5.4144893752204,0.975262567814853,0.293473299773824,0.870851763420635,-0.465814335892598,1.07739959988329,1.71603131542603,1.90978131112125,0.843949633340041,1.50964406298267,-2.51597271031804,1.53288244538837,3.36384018220835,0.23283690910062,1.56773740881019,-0.0541263379984432
"2004",1.20674096958505,2.18255744708909,3.74376619193289,2.46291825837559,-0.199588753341231,1.26140785067239,1.37078609979815,1.3417583298352,-0.770057488646772,-0.292827139453342,2.22672466271453,2.63237786955304,1.64072695402084,2.00236523232242,1.32465076010191,0.387946678204807
"2005",1.26461965342363,2.32449106044239,3.40153963036007,1.85434729191992,1.63732743842734,-0.270377057436336,-0.24033691172695,0.122923718145002,-0.752573226061132,0.611031887845861,1.57489200101958,1.21175290041396,2.07382952780635,2.29773812023578,-0.129263417006095,0.477783554268104
"2006",8.02231318420834,0.25176594289951,0.757511919623034,2.10167420407136,1.16868865986665,1.63730899327331,2.23684780961937,0.399071169832799,1.68035369449192,-0.608872056912838,-2.29729541059997,2.61967169824574,3.16194400917394,1.34262492785368,1.42440932424183,-0.408604591006965
"2007",3.490480641524,0.602630737418723,3.07514694829782,0.098177082138136,0.580053699228706,0.456244023063239,2.7859786649545,-0.345300557053027,-0.2186555940231,0.156170788656002,0.324549689251904,-0.556675336375419,2.23759435906282,1.25112590988822,0.965640710321572,0.0873549612949352
"2008",1.5704627403886,1.11087344752418,1.2214517970052,-1.8274386541711,0.896946591635545,-0.225074322273334,0.299782979198628,0.645802936620183,0.278369134369617,-0.0236507157949543,3.14378138052093,-3.94060972995228,0.708220283845784,0.0969865781565508,0.240170531181826,1.1328332663652
"2009",2.49063362015618,-0.600204521466771,-1.3703130144212,-0.190235457396031,-0.197714296282761,0.429031568424155,1.57127112646898,1.20317596859402,2.64231220550007,-2.43778096304999,2.65750319262346,-3.98886115021176,-0.68339354375429,-0.586087589366663,1.06782622116238,0.954011478357845
"2010",5.49121188455158,3.68984853890207,4.24806523654196,1.0918733527263,-1.19217065638966,-0.155716684776255,0.355464944079156,0.149789493951377,-0.419733606071936,1.81027448674043,-1.31883732146687,0.185113387570406,1.73073309108063,1.38258931095953,0.116512584418093,0.0239011864005415
"2011",2.69255365596877,-2.85451762378216,-0.0105208321846375,-1.47223575827148,-0.375819761622956,-0.407300880256419,-1.03820635668106,0.695460596335276,2.40569058060646,0.111598847298107,-0.367553701882975,3.09910149044461,0.00771647325234001,-0.619525450693025,-0.2500155468674,0.716578575340531
"2012",3.76338042318821,1.21753090081943,1.73385629471805,1.20821449326144,-0.338988708332181,-0.575779068374282,1.6583197315534,1.72048281298743,2.07418939140108,-1.20082352848517,0.706824520913263,0.232581917571628,2.69333760481742,0.867694026549105,0.934341158722182,0.526730127943059
"2013",3.77003356483248,3.67073341210683,1.25533146080044,-0.424745539879142,1.69374344746272,0.694979370468193,1.27605954143736,2.08209306167232,2.43320687611898,-0.170976017032646,-0.511169153886537,-0.687660573574249,2.55778296483698,0.841443122794671,1.35104399119262,0.583687235066598
"2014",5.8185431626108,-4.90559555755721,-0.755773637851235,0.519103722853793,0.554312596201069,0.0593060962791141,2.34128141072061,1.96209413806597,1.05018878065877,2.48334629833698,-1.53708926091592,2.21846674879392,0.0750956771597785,0.105880893734542,1.4542272150219,0.665481939359947
"2015",5.82452572054333,3.48672735359934,4.92032974296146,1.37262366712093,1.92347760581308,3.15999884075589,1.76423770189285,1.37902286400398,-0.40373371502695,2.1242121954759,-0.27204697595961,1.60657657268975,3.84323994097886,2.73881033863182,2.10108646888424,0.482810501496446
"2016",5.04401355981827,5.01438954472542,4.61075399319331,4.52742067972819,1.54165415465832,1.3993093189266,0.303619242215063,1.48767195476426,-0.120579966965629,-0.614424356311146,4.82920613222652,-3.11987838480208,3.88832655907781,3.55994294252661,1.06353350530197,1.36473393631658
"2017",1.35702417195878,-0.933151566121119,1.13374834155871,0.498059340545701,1.59895070062743,1.0662651732564,2.01620329750909,2.30971782406171,1.55914657314618,-0.515139964098732,-0.0786214164561695,-0.547291655520288,-0.898668592988138,1.07691946091061,1.79739543160907,0.321795064197094
"2018",4.63244995805952,-4.06101119187143,0.301135517527453,-0.462181522535603,3.75999395383729,0.636287963017821,1.27496579206652,1.15225257641739,-1.79762310948637,-0.689950612891052,1.91842769583066,3.1009227765931,0.00804903688926787,1.19964931627638,1.02116877716725,-0.189715342182252
"2019",5.85156073835161,-8.59994776381387,0.34827744462786,0.727837981863154,1.81751785924037,0.619388548036416,-0.187420786022105,0.894298483643474,0.638585054419107,-2.2895881616407,0.651042195269838,2.36673442522685,0.117511917043616,0.964544428577129,0.442088748552595,-0.333320303983917
"2020",2.91733718415101,1.71633784638511,-0.621531562514267,-0.720014086665793,0.636735552921891,0.0147661671055377,0.19405435760402,1.07913897321042,2.27631776531537,-1.38510630259083,1.19197262823582,3.63618481490347,2.33346981858766,-0.234936698752723,0.429319832639993,0.694394696986786
"2021",5.95657213528951,-3.32279125187132,3.15077032645543,0.925360224313206,0.236762690710344,3.43059127860599,3.61769793430964,1.2025748408503,1.19037649035454,-0.120053707376226,2.50801970892482,-3.88800935943921,2.08998856610722,1.43763108049299,2.75028801792198,1.19278083063438
"2022",3.66262579626507,0.889902323413278,2.75107252928946,-1.60898759464423,-1.08710609541999,0.232570525806093,2.20743539432685,3.70823287963867,2.86363165577253,3.1947368019157,-3.59863327278031,-4.08473189340697,0.221506253413045,0.0183262797417463,2.0494129332572,0.819911728302638
"2023",6.18870700730218,0.524318021017179,-0.960190408966608,0.473581260949787,4.65551473697027,2.33997173441781,1.83404021130668,2.1513188680013,NA,NA,NA,NA,0.876097711637461,1.38963519631782,2.10844360457526,NA
